date,geo,keyword,hits,topic_label,query_input,query_type,mid,topic_title,topic_type,fetched_keyword
2004-01-01,MX,Aedes aegypti,0,Aedes_aegypti,Aedes aegypti,topic,/g/11g8p5gswz,Aedes aegypti,Topic+term_fallback,Aedes aegypti
2004-02-01,MX,Aedes aegypti,0,Aedes_aegypti,Aedes aegypti,topic,/g/11g8p5gswz,Aedes aegypti,Topic+term_fallback,Aedes aegypti
2004-03-01,MX,Aedes aegypti,0,Aedes_aegypti,Aedes aegypti,topic,/g/11g8p5gswz,Aedes aegypti,Topic+term_fallback,Aedes aegypti
2004-04-01,MX,Aedes aegypti,0,Aedes_aegypti,Aedes aegypti,topic,/g/11g8p5gswz,Aedes aegypti,Topic+term_fallback,Aedes aegypti
2004-05-01,MX,Aedes aegypti,0,Aedes_aegypti,Aedes aegypti,topic,/g/11g8p5gswz,Aedes aegypti,Topic+term_fallback,Aedes aegypti
2004-06-01,MX,Aedes aegypti,0,Aedes_aegypti,Aedes aegypti,topic,/g/11g8p5gswz,Aedes aegypti,Topic+term_fallback,Aedes aegypti
2004-07-01,MX,Aedes aegypti,0,Aedes_aegypti,Aedes aegypti,topic,/g/11g8p5gswz,Aedes aegypti,Topic+term_fallback,Aedes aegypti
2004-08-01,MX,Aedes aegypti,0,Aedes_aegypti,Aedes aegypti,topic,/g/11g8p5gswz,Aedes aegypti,Topic+term_fallback,Aedes aegypti
2004-09-01,MX,Aedes aegypti,0,Aedes_aegypti,Aedes aegypti,topic,/g/11g8p5gswz,Aedes aegypti,Topic+term_fallback,Aedes aegypti
2004-10-01,MX,Aedes aegypti,0,Aedes_aegypti,Aedes aegypti,topic,/g/11g8p5gswz,Aedes aegypti,Topic+term_fallback,Aedes aegypti
2004-11-01,MX,Aedes aegypti,0,Aedes_aegypti,Aedes aegypti,topic,/g/11g8p5gswz,Aedes aegypti,Topic+term_fallback,Aedes aegypti
2004-12-01,MX,Aedes aegypti,0,Aedes_aegypti,Aedes aegypti,topic,/g/11g8p5gswz,Aedes aegypti,Topic+term_fallback,Aedes aegypti
2005-01-01,MX,Aedes aegypti,0,Aedes_aegypti,Aedes aegypti,topic,/g/11g8p5gswz,Aedes aegypti,Topic+term_fallback,Aedes aegypti
2005-02-01,MX,Aedes aegypti,0,Aedes_aegypti,Aedes aegypti,topic,/g/11g8p5gswz,Aedes aegypti,Topic+term_fallback,Aedes aegypti
2005-03-01,MX,Aedes aegypti,0,Aedes_aegypti,Aedes aegypti,topic,/g/11g8p5gswz,Aedes aegypti,Topic+term_fallback,Aedes aegypti
2005-04-01,MX,Aedes aegypti,0,Aedes_aegypti,Aedes aegypti,topic,/g/11g8p5gswz,Aedes aegypti,Topic+term_fallback,Aedes aegypti
2005-05-01,MX,Aedes aegypti,0,Aedes_aegypti,Aedes aegypti,topic,/g/11g8p5gswz,Aedes aegypti,Topic+term_fallback,Aedes aegypti
2005-06-01,MX,Aedes aegypti,0,Aedes_aegypti,Aedes aegypti,topic,/g/11g8p5gswz,Aedes aegypti,Topic+term_fallback,Aedes aegypti
2005-07-01,MX,Aedes aegypti,0,Aedes_aegypti,Aedes aegypti,topic,/g/11g8p5gswz,Aedes aegypti,Topic+term_fallback,Aedes aegypti
2005-08-01,MX,Aedes aegypti,0,Aedes_aegypti,Aedes aegypti,topic,/g/11g8p5gswz,Aedes aegypti,Topic+term_fallback,Aedes aegypti
2005-09-01,MX,Aedes aegypti,0,Aedes_aegypti,Aedes aegypti,topic,/g/11g8p5gswz,Aedes aegypti,Topic+term_fallback,Aedes aegypti
2005-10-01,MX,Aedes aegypti,0,Aedes_aegypti,Aedes aegypti,topic,/g/11g8p5gswz,Aedes aegypti,Topic+term_fallback,Aedes aegypti
2005-11-01,MX,Aedes aegypti,0,Aedes_aegypti,Aedes aegypti,topic,/g/11g8p5gswz,Aedes aegypti,Topic+term_fallback,Aedes aegypti
2005-12-01,MX,Aedes aegypti,0,Aedes_aegypti,Aedes aegypti,topic,/g/11g8p5gswz,Aedes aegypti,Topic+term_fallback,Aedes aegypti
2006-01-01,MX,Aedes aegypti,0,Aedes_aegypti,Aedes aegypti,topic,/g/11g8p5gswz,Aedes aegypti,Topic+term_fallback,Aedes aegypti
2006-02-01,MX,Aedes aegypti,0,Aedes_aegypti,Aedes aegypti,topic,/g/11g8p5gswz,Aedes aegypti,Topic+term_fallback,Aedes aegypti
2006-03-01,MX,Aedes aegypti,0,Aedes_aegypti,Aedes aegypti,topic,/g/11g8p5gswz,Aedes aegypti,Topic+term_fallback,Aedes aegypti
2006-04-01,MX,Aedes aegypti,0,Aedes_aegypti,Aedes aegypti,topic,/g/11g8p5gswz,Aedes aegypti,Topic+term_fallback,Aedes aegypti
2006-05-01,MX,Aedes aegypti,0,Aedes_aegypti,Aedes aegypti,topic,/g/11g8p5gswz,Aedes aegypti,Topic+term_fallback,Aedes aegypti
2006-06-01,MX,Aedes aegypti,0,Aedes_aegypti,Aedes aegypti,topic,/g/11g8p5gswz,Aedes aegypti,Topic+term_fallback,Aedes aegypti
2006-07-01,MX,Aedes aegypti,0,Aedes_aegypti,Aedes aegypti,topic,/g/11g8p5gswz,Aedes aegypti,Topic+term_fallback,Aedes aegypti
2006-08-01,MX,Aedes aegypti,0,Aedes_aegypti,Aedes aegypti,topic,/g/11g8p5gswz,Aedes aegypti,Topic+term_fallback,Aedes aegypti
2006-09-01,MX,Aedes aegypti,0,Aedes_aegypti,Aedes aegypti,topic,/g/11g8p5gswz,Aedes aegypti,Topic+term_fallback,Aedes aegypti
2006-10-01,MX,Aedes aegypti,0,Aedes_aegypti,Aedes aegypti,topic,/g/11g8p5gswz,Aedes aegypti,Topic+term_fallback,Aedes aegypti
2006-11-01,MX,Aedes aegypti,0,Aedes_aegypti,Aedes aegypti,topic,/g/11g8p5gswz,Aedes aegypti,Topic+term_fallback,Aedes aegypti
2006-12-01,MX,Aedes aegypti,0,Aedes_aegypti,Aedes aegypti,topic,/g/11g8p5gswz,Aedes aegypti,Topic+term_fallback,Aedes aegypti
2007-01-01,MX,Aedes aegypti,0,Aedes_aegypti,Aedes aegypti,topic,/g/11g8p5gswz,Aedes aegypti,Topic+term_fallback,Aedes aegypti
2007-02-01,MX,Aedes aegypti,0,Aedes_aegypti,Aedes aegypti,topic,/g/11g8p5gswz,Aedes aegypti,Topic+term_fallback,Aedes aegypti
2007-03-01,MX,Aedes aegypti,0,Aedes_aegypti,Aedes aegypti,topic,/g/11g8p5gswz,Aedes aegypti,Topic+term_fallback,Aedes aegypti
2007-04-01,MX,Aedes aegypti,0,Aedes_aegypti,Aedes aegypti,topic,/g/11g8p5gswz,Aedes aegypti,Topic+term_fallback,Aedes aegypti
2007-05-01,MX,Aedes aegypti,57,Aedes_aegypti,Aedes aegypti,topic,/g/11g8p5gswz,Aedes aegypti,Topic+term_fallback,Aedes aegypti
2007-06-01,MX,Aedes aegypti,0,Aedes_aegypti,Aedes aegypti,topic,/g/11g8p5gswz,Aedes aegypti,Topic+term_fallback,Aedes aegypti
2007-07-01,MX,Aedes aegypti,0,Aedes_aegypti,Aedes aegypti,topic,/g/11g8p5gswz,Aedes aegypti,Topic+term_fallback,Aedes aegypti
2007-08-01,MX,Aedes aegypti,0,Aedes_aegypti,Aedes aegypti,topic,/g/11g8p5gswz,Aedes aegypti,Topic+term_fallback,Aedes aegypti
2007-09-01,MX,Aedes aegypti,0,Aedes_aegypti,Aedes aegypti,topic,/g/11g8p5gswz,Aedes aegypti,Topic+term_fallback,Aedes aegypti
2007-10-01,MX,Aedes aegypti,45,Aedes_aegypti,Aedes aegypti,topic,/g/11g8p5gswz,Aedes aegypti,Topic+term_fallback,Aedes aegypti
2007-11-01,MX,Aedes aegypti,0,Aedes_aegypti,Aedes aegypti,topic,/g/11g8p5gswz,Aedes aegypti,Topic+term_fallback,Aedes aegypti
2007-12-01,MX,Aedes aegypti,0,Aedes_aegypti,Aedes aegypti,topic,/g/11g8p5gswz,Aedes aegypti,Topic+term_fallback,Aedes aegypti
2008-01-01,MX,Aedes aegypti,0,Aedes_aegypti,Aedes aegypti,topic,/g/11g8p5gswz,Aedes aegypti,Topic+term_fallback,Aedes aegypti
2008-02-01,MX,Aedes aegypti,0,Aedes_aegypti,Aedes aegypti,topic,/g/11g8p5gswz,Aedes aegypti,Topic+term_fallback,Aedes aegypti
2008-03-01,MX,Aedes aegypti,0,Aedes_aegypti,Aedes aegypti,topic,/g/11g8p5gswz,Aedes aegypti,Topic+term_fallback,Aedes aegypti
2008-04-01,MX,Aedes aegypti,0,Aedes_aegypti,Aedes aegypti,topic,/g/11g8p5gswz,Aedes aegypti,Topic+term_fallback,Aedes aegypti
2008-05-01,MX,Aedes aegypti,0,Aedes_aegypti,Aedes aegypti,topic,/g/11g8p5gswz,Aedes aegypti,Topic+term_fallback,Aedes aegypti
2008-06-01,MX,Aedes aegypti,0,Aedes_aegypti,Aedes aegypti,topic,/g/11g8p5gswz,Aedes aegypti,Topic+term_fallback,Aedes aegypti
2008-07-01,MX,Aedes aegypti,0,Aedes_aegypti,Aedes aegypti,topic,/g/11g8p5gswz,Aedes aegypti,Topic+term_fallback,Aedes aegypti
2008-08-01,MX,Aedes aegypti,0,Aedes_aegypti,Aedes aegypti,topic,/g/11g8p5gswz,Aedes aegypti,Topic+term_fallback,Aedes aegypti
2008-09-01,MX,Aedes aegypti,0,Aedes_aegypti,Aedes aegypti,topic,/g/11g8p5gswz,Aedes aegypti,Topic+term_fallback,Aedes aegypti
2008-10-01,MX,Aedes aegypti,46,Aedes_aegypti,Aedes aegypti,topic,/g/11g8p5gswz,Aedes aegypti,Topic+term_fallback,Aedes aegypti
2008-11-01,MX,Aedes aegypti,34,Aedes_aegypti,Aedes aegypti,topic,/g/11g8p5gswz,Aedes aegypti,Topic+term_fallback,Aedes aegypti
2008-12-01,MX,Aedes aegypti,0,Aedes_aegypti,Aedes aegypti,topic,/g/11g8p5gswz,Aedes aegypti,Topic+term_fallback,Aedes aegypti
2009-01-01,MX,Aedes aegypti,32,Aedes_aegypti,Aedes aegypti,topic,/g/11g8p5gswz,Aedes aegypti,Topic+term_fallback,Aedes aegypti
2009-02-01,MX,Aedes aegypti,0,Aedes_aegypti,Aedes aegypti,topic,/g/11g8p5gswz,Aedes aegypti,Topic+term_fallback,Aedes aegypti
2009-03-01,MX,Aedes aegypti,0,Aedes_aegypti,Aedes aegypti,topic,/g/11g8p5gswz,Aedes aegypti,Topic+term_fallback,Aedes aegypti
2009-04-01,MX,Aedes aegypti,0,Aedes_aegypti,Aedes aegypti,topic,/g/11g8p5gswz,Aedes aegypti,Topic+term_fallback,Aedes aegypti
2009-05-01,MX,Aedes aegypti,29,Aedes_aegypti,Aedes aegypti,topic,/g/11g8p5gswz,Aedes aegypti,Topic+term_fallback,Aedes aegypti
2009-06-01,MX,Aedes aegypti,0,Aedes_aegypti,Aedes aegypti,topic,/g/11g8p5gswz,Aedes aegypti,Topic+term_fallback,Aedes aegypti
2009-07-01,MX,Aedes aegypti,0,Aedes_aegypti,Aedes aegypti,topic,/g/11g8p5gswz,Aedes aegypti,Topic+term_fallback,Aedes aegypti
2009-08-01,MX,Aedes aegypti,34,Aedes_aegypti,Aedes aegypti,topic,/g/11g8p5gswz,Aedes aegypti,Topic+term_fallback,Aedes aegypti
2009-09-01,MX,Aedes aegypti,54,Aedes_aegypti,Aedes aegypti,topic,/g/11g8p5gswz,Aedes aegypti,Topic+term_fallback,Aedes aegypti
2009-10-01,MX,Aedes aegypti,79,Aedes_aegypti,Aedes aegypti,topic,/g/11g8p5gswz,Aedes aegypti,Topic+term_fallback,Aedes aegypti
2009-11-01,MX,Aedes aegypti,71,Aedes_aegypti,Aedes aegypti,topic,/g/11g8p5gswz,Aedes aegypti,Topic+term_fallback,Aedes aegypti
2009-12-01,MX,Aedes aegypti,0,Aedes_aegypti,Aedes aegypti,topic,/g/11g8p5gswz,Aedes aegypti,Topic+term_fallback,Aedes aegypti
2010-01-01,MX,Aedes aegypti,42,Aedes_aegypti,Aedes aegypti,topic,/g/11g8p5gswz,Aedes aegypti,Topic+term_fallback,Aedes aegypti
2010-02-01,MX,Aedes aegypti,0,Aedes_aegypti,Aedes aegypti,topic,/g/11g8p5gswz,Aedes aegypti,Topic+term_fallback,Aedes aegypti
2010-03-01,MX,Aedes aegypti,0,Aedes_aegypti,Aedes aegypti,topic,/g/11g8p5gswz,Aedes aegypti,Topic+term_fallback,Aedes aegypti
2010-04-01,MX,Aedes aegypti,0,Aedes_aegypti,Aedes aegypti,topic,/g/11g8p5gswz,Aedes aegypti,Topic+term_fallback,Aedes aegypti
2010-05-01,MX,Aedes aegypti,26,Aedes_aegypti,Aedes aegypti,topic,/g/11g8p5gswz,Aedes aegypti,Topic+term_fallback,Aedes aegypti
2010-06-01,MX,Aedes aegypti,0,Aedes_aegypti,Aedes aegypti,topic,/g/11g8p5gswz,Aedes aegypti,Topic+term_fallback,Aedes aegypti
2010-07-01,MX,Aedes aegypti,41,Aedes_aegypti,Aedes aegypti,topic,/g/11g8p5gswz,Aedes aegypti,Topic+term_fallback,Aedes aegypti
2010-08-01,MX,Aedes aegypti,31,Aedes_aegypti,Aedes aegypti,topic,/g/11g8p5gswz,Aedes aegypti,Topic+term_fallback,Aedes aegypti
2010-09-01,MX,Aedes aegypti,0,Aedes_aegypti,Aedes aegypti,topic,/g/11g8p5gswz,Aedes aegypti,Topic+term_fallback,Aedes aegypti
2010-10-01,MX,Aedes aegypti,0,Aedes_aegypti,Aedes aegypti,topic,/g/11g8p5gswz,Aedes aegypti,Topic+term_fallback,Aedes aegypti
2010-11-01,MX,Aedes aegypti,31,Aedes_aegypti,Aedes aegypti,topic,/g/11g8p5gswz,Aedes aegypti,Topic+term_fallback,Aedes aegypti
2010-12-01,MX,Aedes aegypti,0,Aedes_aegypti,Aedes aegypti,topic,/g/11g8p5gswz,Aedes aegypti,Topic+term_fallback,Aedes aegypti
2011-01-01,MX,Aedes aegypti,22,Aedes_aegypti,Aedes aegypti,topic,/g/11g8p5gswz,Aedes aegypti,Topic+term_fallback,Aedes aegypti
2011-02-01,MX,Aedes aegypti,18,Aedes_aegypti,Aedes aegypti,topic,/g/11g8p5gswz,Aedes aegypti,Topic+term_fallback,Aedes aegypti
2011-03-01,MX,Aedes aegypti,0,Aedes_aegypti,Aedes aegypti,topic,/g/11g8p5gswz,Aedes aegypti,Topic+term_fallback,Aedes aegypti
2011-04-01,MX,Aedes aegypti,0,Aedes_aegypti,Aedes aegypti,topic,/g/11g8p5gswz,Aedes aegypti,Topic+term_fallback,Aedes aegypti
2011-05-01,MX,Aedes aegypti,18,Aedes_aegypti,Aedes aegypti,topic,/g/11g8p5gswz,Aedes aegypti,Topic+term_fallback,Aedes aegypti
2011-06-01,MX,Aedes aegypti,23,Aedes_aegypti,Aedes aegypti,topic,/g/11g8p5gswz,Aedes aegypti,Topic+term_fallback,Aedes aegypti
2011-07-01,MX,Aedes aegypti,18,Aedes_aegypti,Aedes aegypti,topic,/g/11g8p5gswz,Aedes aegypti,Topic+term_fallback,Aedes aegypti
2011-08-01,MX,Aedes aegypti,26,Aedes_aegypti,Aedes aegypti,topic,/g/11g8p5gswz,Aedes aegypti,Topic+term_fallback,Aedes aegypti
2011-09-01,MX,Aedes aegypti,34,Aedes_aegypti,Aedes aegypti,topic,/g/11g8p5gswz,Aedes aegypti,Topic+term_fallback,Aedes aegypti
2011-10-01,MX,Aedes aegypti,45,Aedes_aegypti,Aedes aegypti,topic,/g/11g8p5gswz,Aedes aegypti,Topic+term_fallback,Aedes aegypti
2011-11-01,MX,Aedes aegypti,30,Aedes_aegypti,Aedes aegypti,topic,/g/11g8p5gswz,Aedes aegypti,Topic+term_fallback,Aedes aegypti
2011-12-01,MX,Aedes aegypti,17,Aedes_aegypti,Aedes aegypti,topic,/g/11g8p5gswz,Aedes aegypti,Topic+term_fallback,Aedes aegypti
2012-01-01,MX,Aedes aegypti,12,Aedes_aegypti,Aedes aegypti,topic,/g/11g8p5gswz,Aedes aegypti,Topic+term_fallback,Aedes aegypti
2012-02-01,MX,Aedes aegypti,25,Aedes_aegypti,Aedes aegypti,topic,/g/11g8p5gswz,Aedes aegypti,Topic+term_fallback,Aedes aegypti
2012-03-01,MX,Aedes aegypti,19,Aedes_aegypti,Aedes aegypti,topic,/g/11g8p5gswz,Aedes aegypti,Topic+term_fallback,Aedes aegypti
2012-04-01,MX,Aedes aegypti,17,Aedes_aegypti,Aedes aegypti,topic,/g/11g8p5gswz,Aedes aegypti,Topic+term_fallback,Aedes aegypti
2012-05-01,MX,Aedes aegypti,28,Aedes_aegypti,Aedes aegypti,topic,/g/11g8p5gswz,Aedes aegypti,Topic+term_fallback,Aedes aegypti
2012-06-01,MX,Aedes aegypti,22,Aedes_aegypti,Aedes aegypti,topic,/g/11g8p5gswz,Aedes aegypti,Topic+term_fallback,Aedes aegypti
2012-07-01,MX,Aedes aegypti,17,Aedes_aegypti,Aedes aegypti,topic,/g/11g8p5gswz,Aedes aegypti,Topic+term_fallback,Aedes aegypti
2012-08-01,MX,Aedes aegypti,24,Aedes_aegypti,Aedes aegypti,topic,/g/11g8p5gswz,Aedes aegypti,Topic+term_fallback,Aedes aegypti
2012-09-01,MX,Aedes aegypti,40,Aedes_aegypti,Aedes aegypti,topic,/g/11g8p5gswz,Aedes aegypti,Topic+term_fallback,Aedes aegypti
2012-10-01,MX,Aedes aegypti,34,Aedes_aegypti,Aedes aegypti,topic,/g/11g8p5gswz,Aedes aegypti,Topic+term_fallback,Aedes aegypti
2012-11-01,MX,Aedes aegypti,30,Aedes_aegypti,Aedes aegypti,topic,/g/11g8p5gswz,Aedes aegypti,Topic+term_fallback,Aedes aegypti
2012-12-01,MX,Aedes aegypti,11,Aedes_aegypti,Aedes aegypti,topic,/g/11g8p5gswz,Aedes aegypti,Topic+term_fallback,Aedes aegypti
2013-01-01,MX,Aedes aegypti,15,Aedes_aegypti,Aedes aegypti,topic,/g/11g8p5gswz,Aedes aegypti,Topic+term_fallback,Aedes aegypti
2013-02-01,MX,Aedes aegypti,13,Aedes_aegypti,Aedes aegypti,topic,/g/11g8p5gswz,Aedes aegypti,Topic+term_fallback,Aedes aegypti
2013-03-01,MX,Aedes aegypti,16,Aedes_aegypti,Aedes aegypti,topic,/g/11g8p5gswz,Aedes aegypti,Topic+term_fallback,Aedes aegypti
2013-04-01,MX,Aedes aegypti,21,Aedes_aegypti,Aedes aegypti,topic,/g/11g8p5gswz,Aedes aegypti,Topic+term_fallback,Aedes aegypti
2013-05-01,MX,Aedes aegypti,28,Aedes_aegypti,Aedes aegypti,topic,/g/11g8p5gswz,Aedes aegypti,Topic+term_fallback,Aedes aegypti
2013-06-01,MX,Aedes aegypti,29,Aedes_aegypti,Aedes aegypti,topic,/g/11g8p5gswz,Aedes aegypti,Topic+term_fallback,Aedes aegypti
2013-07-01,MX,Aedes aegypti,25,Aedes_aegypti,Aedes aegypti,topic,/g/11g8p5gswz,Aedes aegypti,Topic+term_fallback,Aedes aegypti
2013-08-01,MX,Aedes aegypti,33,Aedes_aegypti,Aedes aegypti,topic,/g/11g8p5gswz,Aedes aegypti,Topic+term_fallback,Aedes aegypti
2013-09-01,MX,Aedes aegypti,41,Aedes_aegypti,Aedes aegypti,topic,/g/11g8p5gswz,Aedes aegypti,Topic+term_fallback,Aedes aegypti
2013-10-01,MX,Aedes aegypti,38,Aedes_aegypti,Aedes aegypti,topic,/g/11g8p5gswz,Aedes aegypti,Topic+term_fallback,Aedes aegypti
2013-11-01,MX,Aedes aegypti,32,Aedes_aegypti,Aedes aegypti,topic,/g/11g8p5gswz,Aedes aegypti,Topic+term_fallback,Aedes aegypti
2013-12-01,MX,Aedes aegypti,21,Aedes_aegypti,Aedes aegypti,topic,/g/11g8p5gswz,Aedes aegypti,Topic+term_fallback,Aedes aegypti
2014-01-01,MX,Aedes aegypti,10,Aedes_aegypti,Aedes aegypti,topic,/g/11g8p5gswz,Aedes aegypti,Topic+term_fallback,Aedes aegypti
2014-02-01,MX,Aedes aegypti,20,Aedes_aegypti,Aedes aegypti,topic,/g/11g8p5gswz,Aedes aegypti,Topic+term_fallback,Aedes aegypti
2014-03-01,MX,Aedes aegypti,23,Aedes_aegypti,Aedes aegypti,topic,/g/11g8p5gswz,Aedes aegypti,Topic+term_fallback,Aedes aegypti
2014-04-01,MX,Aedes aegypti,23,Aedes_aegypti,Aedes aegypti,topic,/g/11g8p5gswz,Aedes aegypti,Topic+term_fallback,Aedes aegypti
2014-05-01,MX,Aedes aegypti,25,Aedes_aegypti,Aedes aegypti,topic,/g/11g8p5gswz,Aedes aegypti,Topic+term_fallback,Aedes aegypti
2014-06-01,MX,Aedes aegypti,34,Aedes_aegypti,Aedes aegypti,topic,/g/11g8p5gswz,Aedes aegypti,Topic+term_fallback,Aedes aegypti
2014-07-01,MX,Aedes aegypti,33,Aedes_aegypti,Aedes aegypti,topic,/g/11g8p5gswz,Aedes aegypti,Topic+term_fallback,Aedes aegypti
2014-08-01,MX,Aedes aegypti,28,Aedes_aegypti,Aedes aegypti,topic,/g/11g8p5gswz,Aedes aegypti,Topic+term_fallback,Aedes aegypti
2014-09-01,MX,Aedes aegypti,29,Aedes_aegypti,Aedes aegypti,topic,/g/11g8p5gswz,Aedes aegypti,Topic+term_fallback,Aedes aegypti
2014-10-01,MX,Aedes aegypti,36,Aedes_aegypti,Aedes aegypti,topic,/g/11g8p5gswz,Aedes aegypti,Topic+term_fallback,Aedes aegypti
2014-11-01,MX,Aedes aegypti,40,Aedes_aegypti,Aedes aegypti,topic,/g/11g8p5gswz,Aedes aegypti,Topic+term_fallback,Aedes aegypti
2014-12-01,MX,Aedes aegypti,22,Aedes_aegypti,Aedes aegypti,topic,/g/11g8p5gswz,Aedes aegypti,Topic+term_fallback,Aedes aegypti
2015-01-01,MX,Aedes aegypti,16,Aedes_aegypti,Aedes aegypti,topic,/g/11g8p5gswz,Aedes aegypti,Topic+term_fallback,Aedes aegypti
2015-02-01,MX,Aedes aegypti,18,Aedes_aegypti,Aedes aegypti,topic,/g/11g8p5gswz,Aedes aegypti,Topic+term_fallback,Aedes aegypti
2015-03-01,MX,Aedes aegypti,22,Aedes_aegypti,Aedes aegypti,topic,/g/11g8p5gswz,Aedes aegypti,Topic+term_fallback,Aedes aegypti
2015-04-01,MX,Aedes aegypti,30,Aedes_aegypti,Aedes aegypti,topic,/g/11g8p5gswz,Aedes aegypti,Topic+term_fallback,Aedes aegypti
2015-05-01,MX,Aedes aegypti,24,Aedes_aegypti,Aedes aegypti,topic,/g/11g8p5gswz,Aedes aegypti,Topic+term_fallback,Aedes aegypti
2015-06-01,MX,Aedes aegypti,36,Aedes_aegypti,Aedes aegypti,topic,/g/11g8p5gswz,Aedes aegypti,Topic+term_fallback,Aedes aegypti
2015-07-01,MX,Aedes aegypti,33,Aedes_aegypti,Aedes aegypti,topic,/g/11g8p5gswz,Aedes aegypti,Topic+term_fallback,Aedes aegypti
2015-08-01,MX,Aedes aegypti,51,Aedes_aegypti,Aedes aegypti,topic,/g/11g8p5gswz,Aedes aegypti,Topic+term_fallback,Aedes aegypti
2015-09-01,MX,Aedes aegypti,58,Aedes_aegypti,Aedes aegypti,topic,/g/11g8p5gswz,Aedes aegypti,Topic+term_fallback,Aedes aegypti
2015-10-01,MX,Aedes aegypti,45,Aedes_aegypti,Aedes aegypti,topic,/g/11g8p5gswz,Aedes aegypti,Topic+term_fallback,Aedes aegypti
2015-11-01,MX,Aedes aegypti,47,Aedes_aegypti,Aedes aegypti,topic,/g/11g8p5gswz,Aedes aegypti,Topic+term_fallback,Aedes aegypti
2015-12-01,MX,Aedes aegypti,30,Aedes_aegypti,Aedes aegypti,topic,/g/11g8p5gswz,Aedes aegypti,Topic+term_fallback,Aedes aegypti
2016-01-01,MX,Aedes aegypti,44,Aedes_aegypti,Aedes aegypti,topic,/g/11g8p5gswz,Aedes aegypti,Topic+term_fallback,Aedes aegypti
2016-02-01,MX,Aedes aegypti,100,Aedes_aegypti,Aedes aegypti,topic,/g/11g8p5gswz,Aedes aegypti,Topic+term_fallback,Aedes aegypti
2016-03-01,MX,Aedes aegypti,53,Aedes_aegypti,Aedes aegypti,topic,/g/11g8p5gswz,Aedes aegypti,Topic+term_fallback,Aedes aegypti
2016-04-01,MX,Aedes aegypti,44,Aedes_aegypti,Aedes aegypti,topic,/g/11g8p5gswz,Aedes aegypti,Topic+term_fallback,Aedes aegypti
2016-05-01,MX,Aedes aegypti,34,Aedes_aegypti,Aedes aegypti,topic,/g/11g8p5gswz,Aedes aegypti,Topic+term_fallback,Aedes aegypti
2016-06-01,MX,Aedes aegypti,35,Aedes_aegypti,Aedes aegypti,topic,/g/11g8p5gswz,Aedes aegypti,Topic+term_fallback,Aedes aegypti
2016-07-01,MX,Aedes aegypti,23,Aedes_aegypti,Aedes aegypti,topic,/g/11g8p5gswz,Aedes aegypti,Topic+term_fallback,Aedes aegypti
2016-08-01,MX,Aedes aegypti,36,Aedes_aegypti,Aedes aegypti,topic,/g/11g8p5gswz,Aedes aegypti,Topic+term_fallback,Aedes aegypti
2016-09-01,MX,Aedes aegypti,47,Aedes_aegypti,Aedes aegypti,topic,/g/11g8p5gswz,Aedes aegypti,Topic+term_fallback,Aedes aegypti
2016-10-01,MX,Aedes aegypti,47,Aedes_aegypti,Aedes aegypti,topic,/g/11g8p5gswz,Aedes aegypti,Topic+term_fallback,Aedes aegypti
2016-11-01,MX,Aedes aegypti,50,Aedes_aegypti,Aedes aegypti,topic,/g/11g8p5gswz,Aedes aegypti,Topic+term_fallback,Aedes aegypti
2016-12-01,MX,Aedes aegypti,18,Aedes_aegypti,Aedes aegypti,topic,/g/11g8p5gswz,Aedes aegypti,Topic+term_fallback,Aedes aegypti
2017-01-01,MX,Aedes aegypti,15,Aedes_aegypti,Aedes aegypti,topic,/g/11g8p5gswz,Aedes aegypti,Topic+term_fallback,Aedes aegypti
2017-02-01,MX,Aedes aegypti,17,Aedes_aegypti,Aedes aegypti,topic,/g/11g8p5gswz,Aedes aegypti,Topic+term_fallback,Aedes aegypti
2017-03-01,MX,Aedes aegypti,21,Aedes_aegypti,Aedes aegypti,topic,/g/11g8p5gswz,Aedes aegypti,Topic+term_fallback,Aedes aegypti
2017-04-01,MX,Aedes aegypti,31,Aedes_aegypti,Aedes aegypti,topic,/g/11g8p5gswz,Aedes aegypti,Topic+term_fallback,Aedes aegypti
2017-05-01,MX,Aedes aegypti,28,Aedes_aegypti,Aedes aegypti,topic,/g/11g8p5gswz,Aedes aegypti,Topic+term_fallback,Aedes aegypti
2017-06-01,MX,Aedes aegypti,27,Aedes_aegypti,Aedes aegypti,topic,/g/11g8p5gswz,Aedes aegypti,Topic+term_fallback,Aedes aegypti
2017-07-01,MX,Aedes aegypti,29,Aedes_aegypti,Aedes aegypti,topic,/g/11g8p5gswz,Aedes aegypti,Topic+term_fallback,Aedes aegypti
2017-08-01,MX,Aedes aegypti,38,Aedes_aegypti,Aedes aegypti,topic,/g/11g8p5gswz,Aedes aegypti,Topic+term_fallback,Aedes aegypti
2017-09-01,MX,Aedes aegypti,35,Aedes_aegypti,Aedes aegypti,topic,/g/11g8p5gswz,Aedes aegypti,Topic+term_fallback,Aedes aegypti
2017-10-01,MX,Aedes aegypti,38,Aedes_aegypti,Aedes aegypti,topic,/g/11g8p5gswz,Aedes aegypti,Topic+term_fallback,Aedes aegypti
2017-11-01,MX,Aedes aegypti,38,Aedes_aegypti,Aedes aegypti,topic,/g/11g8p5gswz,Aedes aegypti,Topic+term_fallback,Aedes aegypti
2017-12-01,MX,Aedes aegypti,13,Aedes_aegypti,Aedes aegypti,topic,/g/11g8p5gswz,Aedes aegypti,Topic+term_fallback,Aedes aegypti
2018-01-01,MX,Aedes aegypti,16,Aedes_aegypti,Aedes aegypti,topic,/g/11g8p5gswz,Aedes aegypti,Topic+term_fallback,Aedes aegypti
2018-02-01,MX,Aedes aegypti,16,Aedes_aegypti,Aedes aegypti,topic,/g/11g8p5gswz,Aedes aegypti,Topic+term_fallback,Aedes aegypti
2018-03-01,MX,Aedes aegypti,27,Aedes_aegypti,Aedes aegypti,topic,/g/11g8p5gswz,Aedes aegypti,Topic+term_fallback,Aedes aegypti
2018-04-01,MX,Aedes aegypti,25,Aedes_aegypti,Aedes aegypti,topic,/g/11g8p5gswz,Aedes aegypti,Topic+term_fallback,Aedes aegypti
2018-05-01,MX,Aedes aegypti,27,Aedes_aegypti,Aedes aegypti,topic,/g/11g8p5gswz,Aedes aegypti,Topic+term_fallback,Aedes aegypti
2018-06-01,MX,Aedes aegypti,19,Aedes_aegypti,Aedes aegypti,topic,/g/11g8p5gswz,Aedes aegypti,Topic+term_fallback,Aedes aegypti
2018-07-01,MX,Aedes aegypti,22,Aedes_aegypti,Aedes aegypti,topic,/g/11g8p5gswz,Aedes aegypti,Topic+term_fallback,Aedes aegypti
2018-08-01,MX,Aedes aegypti,32,Aedes_aegypti,Aedes aegypti,topic,/g/11g8p5gswz,Aedes aegypti,Topic+term_fallback,Aedes aegypti
2018-09-01,MX,Aedes aegypti,41,Aedes_aegypti,Aedes aegypti,topic,/g/11g8p5gswz,Aedes aegypti,Topic+term_fallback,Aedes aegypti
2018-10-01,MX,Aedes aegypti,38,Aedes_aegypti,Aedes aegypti,topic,/g/11g8p5gswz,Aedes aegypti,Topic+term_fallback,Aedes aegypti
2018-11-01,MX,Aedes aegypti,22,Aedes_aegypti,Aedes aegypti,topic,/g/11g8p5gswz,Aedes aegypti,Topic+term_fallback,Aedes aegypti
2018-12-01,MX,Aedes aegypti,15,Aedes_aegypti,Aedes aegypti,topic,/g/11g8p5gswz,Aedes aegypti,Topic+term_fallback,Aedes aegypti
2019-01-01,MX,Aedes aegypti,12,Aedes_aegypti,Aedes aegypti,topic,/g/11g8p5gswz,Aedes aegypti,Topic+term_fallback,Aedes aegypti
2019-02-01,MX,Aedes aegypti,15,Aedes_aegypti,Aedes aegypti,topic,/g/11g8p5gswz,Aedes aegypti,Topic+term_fallback,Aedes aegypti
2019-03-01,MX,Aedes aegypti,14,Aedes_aegypti,Aedes aegypti,topic,/g/11g8p5gswz,Aedes aegypti,Topic+term_fallback,Aedes aegypti
2019-04-01,MX,Aedes aegypti,43,Aedes_aegypti,Aedes aegypti,topic,/g/11g8p5gswz,Aedes aegypti,Topic+term_fallback,Aedes aegypti
2019-05-01,MX,Aedes aegypti,19,Aedes_aegypti,Aedes aegypti,topic,/g/11g8p5gswz,Aedes aegypti,Topic+term_fallback,Aedes aegypti
2019-06-01,MX,Aedes aegypti,25,Aedes_aegypti,Aedes aegypti,topic,/g/11g8p5gswz,Aedes aegypti,Topic+term_fallback,Aedes aegypti
2019-07-01,MX,Aedes aegypti,20,Aedes_aegypti,Aedes aegypti,topic,/g/11g8p5gswz,Aedes aegypti,Topic+term_fallback,Aedes aegypti
2019-08-01,MX,Aedes aegypti,40,Aedes_aegypti,Aedes aegypti,topic,/g/11g8p5gswz,Aedes aegypti,Topic+term_fallback,Aedes aegypti
2019-09-01,MX,Aedes aegypti,72,Aedes_aegypti,Aedes aegypti,topic,/g/11g8p5gswz,Aedes aegypti,Topic+term_fallback,Aedes aegypti
2019-10-01,MX,Aedes aegypti,88,Aedes_aegypti,Aedes aegypti,topic,/g/11g8p5gswz,Aedes aegypti,Topic+term_fallback,Aedes aegypti
2019-11-01,MX,Aedes aegypti,42,Aedes_aegypti,Aedes aegypti,topic,/g/11g8p5gswz,Aedes aegypti,Topic+term_fallback,Aedes aegypti
2019-12-01,MX,Aedes aegypti,20,Aedes_aegypti,Aedes aegypti,topic,/g/11g8p5gswz,Aedes aegypti,Topic+term_fallback,Aedes aegypti
2020-01-01,MX,Aedes aegypti,17,Aedes_aegypti,Aedes aegypti,topic,/g/11g8p5gswz,Aedes aegypti,Topic+term_fallback,Aedes aegypti
2020-02-01,MX,Aedes aegypti,23,Aedes_aegypti,Aedes aegypti,topic,/g/11g8p5gswz,Aedes aegypti,Topic+term_fallback,Aedes aegypti
2020-03-01,MX,Aedes aegypti,17,Aedes_aegypti,Aedes aegypti,topic,/g/11g8p5gswz,Aedes aegypti,Topic+term_fallback,Aedes aegypti
2020-04-01,MX,Aedes aegypti,24,Aedes_aegypti,Aedes aegypti,topic,/g/11g8p5gswz,Aedes aegypti,Topic+term_fallback,Aedes aegypti
2020-05-01,MX,Aedes aegypti,21,Aedes_aegypti,Aedes aegypti,topic,/g/11g8p5gswz,Aedes aegypti,Topic+term_fallback,Aedes aegypti
2020-06-01,MX,Aedes aegypti,37,Aedes_aegypti,Aedes aegypti,topic,/g/11g8p5gswz,Aedes aegypti,Topic+term_fallback,Aedes aegypti
2020-07-01,MX,Aedes aegypti,26,Aedes_aegypti,Aedes aegypti,topic,/g/11g8p5gswz,Aedes aegypti,Topic+term_fallback,Aedes aegypti
2020-08-01,MX,Aedes aegypti,34,Aedes_aegypti,Aedes aegypti,topic,/g/11g8p5gswz,Aedes aegypti,Topic+term_fallback,Aedes aegypti
2020-09-01,MX,Aedes aegypti,34,Aedes_aegypti,Aedes aegypti,topic,/g/11g8p5gswz,Aedes aegypti,Topic+term_fallback,Aedes aegypti
2020-10-01,MX,Aedes aegypti,41,Aedes_aegypti,Aedes aegypti,topic,/g/11g8p5gswz,Aedes aegypti,Topic+term_fallback,Aedes aegypti
2020-11-01,MX,Aedes aegypti,26,Aedes_aegypti,Aedes aegypti,topic,/g/11g8p5gswz,Aedes aegypti,Topic+term_fallback,Aedes aegypti
2020-12-01,MX,Aedes aegypti,21,Aedes_aegypti,Aedes aegypti,topic,/g/11g8p5gswz,Aedes aegypti,Topic+term_fallback,Aedes aegypti
2021-01-01,MX,Aedes aegypti,21,Aedes_aegypti,Aedes aegypti,topic,/g/11g8p5gswz,Aedes aegypti,Topic+term_fallback,Aedes aegypti
2021-02-01,MX,Aedes aegypti,12,Aedes_aegypti,Aedes aegypti,topic,/g/11g8p5gswz,Aedes aegypti,Topic+term_fallback,Aedes aegypti
2021-03-01,MX,Aedes aegypti,24,Aedes_aegypti,Aedes aegypti,topic,/g/11g8p5gswz,Aedes aegypti,Topic+term_fallback,Aedes aegypti
2021-04-01,MX,Aedes aegypti,22,Aedes_aegypti,Aedes aegypti,topic,/g/11g8p5gswz,Aedes aegypti,Topic+term_fallback,Aedes aegypti
2021-05-01,MX,Aedes aegypti,38,Aedes_aegypti,Aedes aegypti,topic,/g/11g8p5gswz,Aedes aegypti,Topic+term_fallback,Aedes aegypti
2021-06-01,MX,Aedes aegypti,21,Aedes_aegypti,Aedes aegypti,topic,/g/11g8p5gswz,Aedes aegypti,Topic+term_fallback,Aedes aegypti
2021-07-01,MX,Aedes aegypti,15,Aedes_aegypti,Aedes aegypti,topic,/g/11g8p5gswz,Aedes aegypti,Topic+term_fallback,Aedes aegypti
2021-08-01,MX,Aedes aegypti,18,Aedes_aegypti,Aedes aegypti,topic,/g/11g8p5gswz,Aedes aegypti,Topic+term_fallback,Aedes aegypti
2021-09-01,MX,Aedes aegypti,17,Aedes_aegypti,Aedes aegypti,topic,/g/11g8p5gswz,Aedes aegypti,Topic+term_fallback,Aedes aegypti
2021-10-01,MX,Aedes aegypti,19,Aedes_aegypti,Aedes aegypti,topic,/g/11g8p5gswz,Aedes aegypti,Topic+term_fallback,Aedes aegypti
2021-11-01,MX,Aedes aegypti,21,Aedes_aegypti,Aedes aegypti,topic,/g/11g8p5gswz,Aedes aegypti,Topic+term_fallback,Aedes aegypti
2021-12-01,MX,Aedes aegypti,12,Aedes_aegypti,Aedes aegypti,topic,/g/11g8p5gswz,Aedes aegypti,Topic+term_fallback,Aedes aegypti
2022-01-01,MX,Aedes aegypti,13,Aedes_aegypti,Aedes aegypti,topic,/g/11g8p5gswz,Aedes aegypti,Topic+term_fallback,Aedes aegypti
2022-02-01,MX,Aedes aegypti,15,Aedes_aegypti,Aedes aegypti,topic,/g/11g8p5gswz,Aedes aegypti,Topic+term_fallback,Aedes aegypti
2022-03-01,MX,Aedes aegypti,18,Aedes_aegypti,Aedes aegypti,topic,/g/11g8p5gswz,Aedes aegypti,Topic+term_fallback,Aedes aegypti
2022-04-01,MX,Aedes aegypti,25,Aedes_aegypti,Aedes aegypti,topic,/g/11g8p5gswz,Aedes aegypti,Topic+term_fallback,Aedes aegypti
2022-05-01,MX,Aedes aegypti,26,Aedes_aegypti,Aedes aegypti,topic,/g/11g8p5gswz,Aedes aegypti,Topic+term_fallback,Aedes aegypti
2022-06-01,MX,Aedes aegypti,25,Aedes_aegypti,Aedes aegypti,topic,/g/11g8p5gswz,Aedes aegypti,Topic+term_fallback,Aedes aegypti
2022-07-01,MX,Aedes aegypti,18,Aedes_aegypti,Aedes aegypti,topic,/g/11g8p5gswz,Aedes aegypti,Topic+term_fallback,Aedes aegypti
2022-08-01,MX,Aedes aegypti,22,Aedes_aegypti,Aedes aegypti,topic,/g/11g8p5gswz,Aedes aegypti,Topic+term_fallback,Aedes aegypti
2022-09-01,MX,Aedes aegypti,33,Aedes_aegypti,Aedes aegypti,topic,/g/11g8p5gswz,Aedes aegypti,Topic+term_fallback,Aedes aegypti
2022-10-01,MX,Aedes aegypti,24,Aedes_aegypti,Aedes aegypti,topic,/g/11g8p5gswz,Aedes aegypti,Topic+term_fallback,Aedes aegypti
2022-11-01,MX,Aedes aegypti,19,Aedes_aegypti,Aedes aegypti,topic,/g/11g8p5gswz,Aedes aegypti,Topic+term_fallback,Aedes aegypti
2022-12-01,MX,Aedes aegypti,15,Aedes_aegypti,Aedes aegypti,topic,/g/11g8p5gswz,Aedes aegypti,Topic+term_fallback,Aedes aegypti
