iso3,year,month,monthly_cases,monthly_cases_per_100000_pop,population,month_start,mean_temp_celsius,total_precip_mm,gt_Aedes_aegypti,gt_dengue,gt_epidemic,gt_fumigation,gt_insecticide,gt_mosquito,gt_public_health,gt_source_management,gt_vector,mean_temp_celsius_lag1,mean_temp_celsius_lag2,mean_temp_celsius_lag3,mean_temp_celsius_lag4,mean_temp_celsius_lag5,mean_temp_celsius_lag6,total_precip_mm_lag1,total_precip_mm_lag2,total_precip_mm_lag3,total_precip_mm_lag4,total_precip_mm_lag5,total_precip_mm_lag6,monthly_cases_lag1,monthly_cases_lag12,monthly_cases_lag24,gt_Aedes_aegypti_lag1,gt_Aedes_aegypti_lag2,gt_Aedes_aegypti_lag3,gt_dengue_lag1,gt_dengue_lag2,gt_dengue_lag3,gt_epidemic_lag1,gt_epidemic_lag2,gt_epidemic_lag3,gt_fumigation_lag1,gt_fumigation_lag2,gt_fumigation_lag3,gt_insecticide_lag1,gt_insecticide_lag2,gt_insecticide_lag3,gt_mosquito_lag1,gt_mosquito_lag2,gt_mosquito_lag3,gt_public_health_lag1,gt_public_health_lag2,gt_public_health_lag3,gt_source_management_lag1,gt_source_management_lag2,gt_source_management_lag3,gt_vector_lag1,gt_vector_lag2,gt_vector_lag3
MEX,2004,1,31,0,102852612.8,2004-01-01,14.590947790664993,15.293159006537884,0,6,5,0,53,20,60,0,66,14.763677869797007,18.607174542898427,21.429170875486797,23.446089764540787,24.793124228263476,24.673424845240728,3.95354812150691,10.67151157334558,32.3052385255894,57.11015789004812,39.426371038364685,38.296390290940664,450,40,709,NA,NA,NA,NA,NA,NA,NA,NA,NA,NA,NA,NA,NA,NA,NA,NA,NA,NA,NA,NA,NA,NA,NA,NA,NA,NA,NA
MEX,2004,2,50,0,102852612.8,2004-02-01,15.209554860141576,6.412878873706474,0,9,5,0,64,0,74,0,93,14.590947790664993,14.763677869797007,18.607174542898427,21.429170875486797,23.446089764540787,24.793124228263476,15.293159006537884,3.95354812150691,10.67151157334558,32.3052385255894,57.11015789004812,39.426371038364685,31,111,583,0,NA,NA,6,NA,NA,5,NA,NA,0,NA,NA,53,NA,NA,20,NA,NA,60,NA,NA,0,NA,NA,66,NA,NA
MEX,2004,3,51,0,102852612.8,2004-03-01,19.59714131631555,12.95108492271093,0,10,7,0,95,26,92,0,67,15.209554860141576,14.590947790664993,14.763677869797007,18.607174542898427,21.429170875486797,23.446089764540787,6.412878873706474,15.293159006537884,3.95354812150691,10.67151157334558,32.3052385255894,57.11015789004812,50,112,490,0,0,NA,9,6,NA,5,5,NA,0,0,NA,64,53,NA,0,20,NA,74,60,NA,0,0,NA,93,66,NA
MEX,2004,4,58,0,102852612.8,2004-04-01,20.686765323287847,11.533380588308798,0,9,8,0,96,24,67,0,50,19.59714131631555,15.209554860141576,14.590947790664993,14.763677869797007,18.607174542898427,21.429170875486797,12.95108492271093,6.412878873706474,15.293159006537884,3.95354812150691,10.67151157334558,32.3052385255894,51,53,377,0,0,0,10,9,6,7,5,5,0,0,0,95,64,53,26,0,20,92,74,60,0,0,0,67,93,66
MEX,2004,5,110,0,102852612.8,2004-05-01,23.615713819794493,17.54112069208251,0,19,9,45,91,29,84,0,28,20.686765323287847,19.59714131631555,15.209554860141576,14.590947790664993,14.763677869797007,18.607174542898427,11.533380588308798,12.95108492271093,6.412878873706474,15.293159006537884,3.95354812150691,10.67151157334558,58,56,420,0,0,0,9,10,9,8,7,5,0,0,0,96,95,64,24,26,0,67,92,74,0,0,0,50,67,93
MEX,2004,6,141,0,102852612.8,2004-06-01,24.580786008279095,34.3749861228221,0,14,5,0,66,29,74,0,57,23.615713819794493,20.686765323287847,19.59714131631555,15.209554860141576,14.590947790664993,14.763677869797007,17.54112069208251,11.533380588308798,12.95108492271093,6.412878873706474,15.293159006537884,3.95354812150691,110,114,593,0,0,0,19,9,10,9,8,7,45,0,0,91,96,95,29,24,26,84,67,92,0,0,0,28,50,67
MEX,2004,7,256,0,102852612.8,2004-07-01,24.88143800424369,34.800033561464296,0,9,0,67,45,24,52,0,34,24.580786008279095,23.615713819794493,20.686765323287847,19.59714131631555,15.209554860141576,14.590947790664993,34.3749861228221,17.54112069208251,11.533380588308798,12.95108492271093,6.412878873706474,15.293159006537884,141,291,790,0,0,0,14,19,9,5,9,8,0,45,0,66,91,96,29,29,24,74,84,67,0,0,0,57,28,50
MEX,2004,8,2334,2,102852612.8,2004-08-01,24.60935094592427,34.64910271079777,0,13,4,36,39,27,79,0,91,24.88143800424369,24.580786008279095,23.615713819794493,20.686765323287847,19.59714131631555,15.209554860141576,34.800033561464296,34.3749861228221,17.54112069208251,11.533380588308798,12.95108492271093,6.412878873706474,256,602,972,0,0,0,9,14,19,0,5,9,67,0,45,45,66,91,24,29,29,52,74,84,0,0,0,34,57,28
MEX,2004,9,1423,1,102852612.8,2004-09-01,23.122804187246448,45.65848604665336,0,22,6,39,66,28,100,0,100,24.60935094592427,24.88143800424369,24.580786008279095,23.615713819794493,20.686765323287847,19.59714131631555,34.64910271079777,34.800033561464296,34.3749861228221,17.54112069208251,11.533380588308798,12.95108492271093,2334,1046,1190,0,0,0,13,9,14,4,0,5,36,67,0,39,45,66,27,24,29,79,52,74,0,0,0,91,34,57
MEX,2004,10,1404,1,102852612.8,2004-10-01,21.599097432649852,25.50470686926593,0,17,5,35,96,31,85,0,70,23.122804187246448,24.60935094592427,24.88143800424369,24.580786008279095,23.615713819794493,20.686765323287847,45.65848604665336,34.64910271079777,34.800033561464296,34.3749861228221,17.54112069208251,11.533380588308798,1423,1243,1218,0,0,0,22,13,9,6,4,0,39,36,67,66,39,45,28,27,24,100,79,52,0,0,0,100,91,34
MEX,2004,11,1582,2,102852612.8,2004-11-01,17.0764566943099,11.60376538856935,0,17,6,44,69,30,70,0,60,21.599097432649852,23.122804187246448,24.60935094592427,24.88143800424369,24.580786008279095,23.615713819794493,25.50470686926593,45.65848604665336,34.64910271079777,34.800033561464296,34.3749861228221,17.54112069208251,1404,2116,799,0,0,0,17,22,13,5,6,4,35,39,36,96,66,39,31,28,27,85,100,79,0,0,0,70,100,91
MEX,2004,12,543,1,102852612.8,2004-12-01,14.698789292757123,7.7674255132333965,0,8,0,0,29,22,51,0,33,17.0764566943099,21.599097432649852,23.122804187246448,24.60935094592427,24.88143800424369,24.580786008279095,11.60376538856935,25.50470686926593,45.65848604665336,34.64910271079777,34.800033561464296,34.3749861228221,1582,450,274,0,0,0,17,17,22,6,5,6,44,35,39,69,96,66,30,31,28,70,85,100,0,0,0,60,70,100
MEX,2005,1,96,0,104347312,2005-01-01,15.793917034728292,8.91574749568077,0,8,5,0,30,17,57,0,64,14.698789292757123,17.0764566943099,21.599097432649852,23.122804187246448,24.60935094592427,24.88143800424369,7.7674255132333965,11.60376538856935,25.50470686926593,45.65848604665336,34.64910271079777,34.800033561464296,543,31,40,0,0,0,8,17,17,0,6,5,0,44,35,29,69,96,22,30,31,51,70,85,0,0,0,33,60,70
MEX,2005,2,121,0,104347312,2005-02-01,16.233316858937748,14.635529279076273,0,5,6,34,50,15,98,0,75,15.793917034728292,14.698789292757123,17.0764566943099,21.599097432649852,23.122804187246448,24.60935094592427,8.91574749568077,7.7674255132333965,11.60376538856935,25.50470686926593,45.65848604665336,34.64910271079777,96,50,111,0,0,0,8,8,17,5,0,6,0,0,44,30,29,69,17,22,30,57,51,70,0,0,0,64,33,60
MEX,2005,3,86,0,104347312,2005-03-01,18.319882189110032,7.222484199169141,0,9,5,28,45,20,58,0,61,16.233316858937748,15.793917034728292,14.698789292757123,17.0764566943099,21.599097432649852,23.122804187246448,14.635529279076273,8.91574749568077,7.7674255132333965,11.60376538856935,25.50470686926593,45.65848604665336,121,51,112,0,0,0,5,8,8,6,5,0,34,0,0,50,30,29,15,17,22,98,57,51,0,0,0,75,64,33
MEX,2005,4,102,0,104347312,2005-04-01,21.720307533143444,4.733489950722181,0,10,5,45,100,22,70,0,39,18.319882189110032,16.233316858937748,15.793917034728292,14.698789292757123,17.0764566943099,21.599097432649852,7.222484199169141,14.635529279076273,8.91574749568077,7.7674255132333965,11.60376538856935,25.50470686926593,86,58,53,0,0,0,9,5,8,5,6,5,28,34,0,45,50,30,20,15,17,58,98,57,0,0,0,61,75,64
MEX,2005,5,337,0,104347312,2005-05-01,23.658421914364148,13.91162783891377,0,12,4,39,67,28,72,0,41,21.720307533143444,18.319882189110032,16.233316858937748,15.793917034728292,14.698789292757123,17.0764566943099,4.733489950722181,7.222484199169141,14.635529279076273,8.91574749568077,7.7674255132333965,11.60376538856935,102,110,56,0,0,0,10,9,5,5,5,6,45,28,34,100,45,50,22,20,15,70,58,98,0,0,0,39,61,75
MEX,2005,6,571,1,104347312,2005-06-01,25.808595598863228,26.043472699573183,0,11,3,56,55,25,51,0,44,23.658421914364148,21.720307533143444,18.319882189110032,16.233316858937748,15.793917034728292,14.698789292757123,13.91162783891377,4.733489950722181,7.222484199169141,14.635529279076273,8.91574749568077,7.7674255132333965,337,141,114,0,0,0,12,10,9,4,5,5,39,45,28,67,100,45,28,22,20,72,70,58,0,0,0,41,39,61
MEX,2005,7,1239,1,104347312,2005-07-01,25.462277468063444,48.92298553506011,0,12,2,57,42,39,33,0,28,25.808595598863228,23.658421914364148,21.720307533143444,18.319882189110032,16.233316858937748,15.793917034728292,26.043472699573183,13.91162783891377,4.733489950722181,7.222484199169141,14.635529279076273,8.91574749568077,571,256,291,0,0,0,11,12,10,3,4,5,56,39,45,55,67,100,25,28,22,51,72,70,0,0,0,44,41,39
MEX,2005,8,3093,3,104347312,2005-08-01,24.423377198871574,48.206716672750964,0,18,2,46,41,35,84,0,85,25.462277468063444,25.808595598863228,23.658421914364148,21.720307533143444,18.319882189110032,16.233316858937748,48.92298553506011,26.043472699573183,13.91162783891377,4.733489950722181,7.222484199169141,14.635529279076273,1239,2334,602,0,0,0,12,11,12,2,3,4,57,56,39,42,55,67,39,25,28,33,51,72,0,0,0,28,44,41
MEX,2005,9,4507,4,104347312,2005-09-01,24.55049403100002,31.208108899093865,0,25,5,43,43,29,77,0,89,24.423377198871574,25.462277468063444,25.808595598863228,23.658421914364148,21.720307533143444,18.319882189110032,48.206716672750964,48.92298553506011,26.043472699573183,13.91162783891377,4.733489950722181,7.222484199169141,3093,1423,1046,0,0,0,18,12,11,2,2,3,46,57,56,41,42,55,35,39,25,84,33,51,0,0,0,85,28,44
MEX,2005,10,6170,6,104347312,2005-10-01,21.41326405297235,33.87540400887878,0,24,4,45,56,26,60,0,72,24.55049403100002,24.423377198871574,25.462277468063444,25.808595598863228,23.658421914364148,21.720307533143444,31.208108899093865,48.206716672750964,48.92298553506011,26.043472699573183,13.91162783891377,4.733489950722181,4507,1404,1243,0,0,0,25,18,12,5,2,2,43,46,57,43,41,42,29,35,39,77,84,33,0,0,0,89,85,28
MEX,2005,11,2572,2,104347312,2005-11-01,18.30359905913206,6.917804403983218,0,17,6,25,50,18,53,0,45,21.41326405297235,24.55049403100002,24.423377198871574,25.462277468063444,25.808595598863228,23.658421914364148,33.87540400887878,31.208108899093865,48.206716672750964,48.92298553506011,26.043472699573183,13.91162783891377,6170,1582,2116,0,0,0,24,25,18,4,5,2,45,43,46,56,43,41,26,29,35,60,77,84,0,0,0,72,89,85
MEX,2005,12,2018,2,104347312,2005-12-01,15.750071914968117,5.841624629955047,0,8,3,32,33,14,39,0,22,18.30359905913206,21.41326405297235,24.55049403100002,24.423377198871574,25.462277468063444,25.808595598863228,6.917804403983218,33.87540400887878,31.208108899093865,48.206716672750964,48.92298553506011,26.043472699573183,2572,543,450,0,0,0,17,24,25,6,4,5,25,45,43,50,56,43,18,26,29,53,60,77,0,0,0,45,72,89
MEX,2006,1,187,0,105746811.2,2006-01-01,15.707979848219368,6.441880169277434,0,5,2,31,39,14,55,0,56,15.750071914968117,18.30359905913206,21.41326405297235,24.55049403100002,24.423377198871574,25.462277468063444,5.841624629955047,6.917804403983218,33.87540400887878,31.208108899093865,48.206716672750964,48.92298553506011,2018,96,31,0,0,0,8,17,24,3,6,4,32,25,45,33,50,56,14,18,26,39,53,60,0,0,0,22,45,72
MEX,2006,2,254,0,105746811.2,2006-02-01,17.14799357938597,3.593924221192698,0,6,5,40,40,16,75,0,83,15.707979848219368,15.750071914968117,18.30359905913206,21.41326405297235,24.55049403100002,24.423377198871574,6.441880169277434,5.841624629955047,6.917804403983218,33.87540400887878,31.208108899093865,48.206716672750964,187,121,50,0,0,0,5,8,17,2,3,6,31,32,25,39,33,50,14,14,18,55,39,53,0,0,0,56,22,45
MEX,2006,3,246,0,105746811.2,2006-03-01,19.429381599949128,4.791655953531907,0,9,4,42,43,20,58,0,51,17.14799357938597,15.707979848219368,15.750071914968117,18.30359905913206,21.41326405297235,24.55049403100002,3.593924221192698,6.441880169277434,5.841624629955047,6.917804403983218,33.87540400887878,31.208108899093865,254,86,51,0,0,0,6,5,8,5,2,3,40,31,32,40,39,33,16,14,14,75,55,39,0,0,0,83,56,22
MEX,2006,4,281,0,105746811.2,2006-04-01,22.892484790486716,3.6913090843731826,0,11,3,39,54,21,49,0,29,19.429381599949128,17.14799357938597,15.707979848219368,15.750071914968117,18.30359905913206,21.41326405297235,4.791655953531907,3.593924221192698,6.441880169277434,5.841624629955047,6.917804403983218,33.87540400887878,246,102,58,0,0,0,9,6,5,4,5,2,42,40,31,43,40,39,20,16,14,58,75,55,0,0,0,51,83,56
MEX,2006,5,374,0,105746811.2,2006-05-01,24.264009463116754,17.779828781573503,0,11,5,34,53,24,44,0,39,22.892484790486716,19.429381599949128,17.14799357938597,15.707979848219368,15.750071914968117,18.30359905913206,3.6913090843731826,4.791655953531907,3.593924221192698,6.441880169277434,5.841624629955047,6.917804403983218,281,337,110,0,0,0,11,9,6,3,4,5,39,42,40,54,43,40,21,20,16,49,58,75,0,0,0,29,51,83
MEX,2006,6,870,1,105746811.2,2006-06-01,25.28212043805705,33.16978022971393,0,11,3,43,47,29,38,0,36,24.264009463116754,22.892484790486716,19.429381599949128,17.14799357938597,15.707979848219368,15.750071914968117,17.779828781573503,3.6913090843731826,4.791655953531907,3.593924221192698,6.441880169277434,5.841624629955047,374,571,141,0,0,0,11,11,9,5,3,4,34,39,42,53,54,43,24,21,20,44,49,58,0,0,0,39,29,51
MEX,2006,7,2054,2,105746811.2,2006-07-01,25.015641978080353,48.7254297115522,0,9,2,47,23,18,28,0,15,25.28212043805705,24.264009463116754,22.892484790486716,19.429381599949128,17.14799357938597,15.707979848219368,33.16978022971393,17.779828781573503,3.6913090843731826,4.791655953531907,3.593924221192698,6.441880169277434,870,1239,256,0,0,0,11,11,11,3,5,3,43,34,39,47,53,54,29,24,21,38,44,49,0,0,0,36,39,29
MEX,2006,8,2005,2,105746811.2,2006-08-01,24.39943087644457,48.66406749165759,0,13,3,37,43,26,57,0,70,25.015641978080353,25.28212043805705,24.264009463116754,22.892484790486716,19.429381599949128,17.14799357938597,48.7254297115522,33.16978022971393,17.779828781573503,3.6913090843731826,4.791655953531907,3.593924221192698,2054,3093,2334,0,0,0,9,11,11,2,3,5,47,43,34,23,47,53,18,29,24,28,38,44,0,0,0,15,36,39
MEX,2006,9,4191,4,105746811.2,2006-09-01,23.474648875434426,46.93665616554072,0,20,5,39,34,29,55,0,81,24.39943087644457,25.015641978080353,25.28212043805705,24.264009463116754,22.892484790486716,19.429381599949128,48.66406749165759,48.7254297115522,33.16978022971393,17.779828781573503,3.6913090843731826,4.791655953531907,2005,4507,1423,0,0,0,13,9,11,3,2,3,37,47,43,43,23,47,26,18,29,57,28,38,0,0,0,70,15,36
MEX,2006,10,7605,7,105746811.2,2006-10-01,21.56445862689276,32.61605510970456,0,22,3,41,49,25,41,0,53,23.474648875434426,24.39943087644457,25.015641978080353,25.28212043805705,24.264009463116754,22.892484790486716,46.93665616554072,48.66406749165759,48.7254297115522,33.16978022971393,17.779828781573503,3.6913090843731826,4191,6170,1404,0,0,0,20,13,9,5,3,2,39,37,47,34,43,23,29,26,18,55,57,28,0,0,0,81,70,15
MEX,2006,11,6475,6,105746811.2,2006-11-01,18.315350568653493,11.482885406184288,0,20,3,41,43,24,38,0,43,21.56445862689276,23.474648875434426,24.39943087644457,25.015641978080353,25.28212043805705,24.264009463116754,32.61605510970456,46.93665616554072,48.66406749165759,48.7254297115522,33.16978022971393,17.779828781573503,7605,2572,1582,0,0,0,22,20,13,3,5,3,41,39,37,49,34,43,25,29,26,41,55,57,0,0,0,53,81,70
MEX,2006,12,2792,3,105746811.2,2006-12-01,14.689680874346683,14.080540816807597,0,8,3,30,23,18,27,0,27,18.315350568653493,21.56445862689276,23.474648875434426,24.39943087644457,25.015641978080353,25.28212043805705,11.482885406184288,32.61605510970456,46.93665616554072,48.66406749165759,48.7254297115522,33.16978022971393,6475,2018,543,0,0,0,20,22,20,3,3,5,41,41,39,43,49,34,24,25,29,38,41,55,0,0,0,43,53,81
MEX,2007,1,941,1,107146310.4,2007-01-01,14.044698796146625,13.732989050182855,0,8,4,25,25,22,40,0,38,14.689680874346683,18.315350568653493,21.56445862689276,23.474648875434426,24.39943087644457,25.015641978080353,14.080540816807597,11.482885406184288,32.61605510970456,46.93665616554072,48.66406749165759,48.7254297115522,2792,187,96,0,0,0,8,20,22,3,3,3,30,41,41,23,43,49,18,24,25,27,38,41,0,0,0,27,43,53
MEX,2007,2,1381,1,107146310.4,2007-02-01,16.408712965139227,7.433641350084693,0,9,6,21,27,23,56,0,51,14.044698796146625,14.689680874346683,18.315350568653493,21.56445862689276,23.474648875434426,24.39943087644457,13.732989050182855,14.080540816807597,11.482885406184288,32.61605510970456,46.93665616554072,48.66406749165759,941,254,121,0,0,0,8,8,20,4,3,3,25,30,41,25,23,43,22,18,24,40,27,38,0,0,0,38,27,43
MEX,2007,3,999,1,107146310.4,2007-03-01,19.469152252923987,5.310418713093385,0,11,4,47,38,23,37,0,38,16.408712965139227,14.044698796146625,14.689680874346683,18.315350568653493,21.56445862689276,23.474648875434426,7.433641350084693,13.732989050182855,14.080540816807597,11.482885406184288,32.61605510970456,46.93665616554072,1381,246,86,0,0,0,9,8,8,6,4,3,21,25,30,27,25,23,23,22,18,56,40,27,0,0,0,51,38,27
MEX,2007,4,1208,1,107146310.4,2007-04-01,21.276237915170697,7.50217530531915,0,11,3,40,30,24,36,0,31,19.469152252923987,16.408712965139227,14.044698796146625,14.689680874346683,18.315350568653493,21.56445862689276,5.310418713093385,7.433641350084693,13.732989050182855,14.080540816807597,11.482885406184288,32.61605510970456,999,281,102,0,0,0,11,9,8,4,6,4,47,21,25,38,27,25,23,23,22,37,56,40,0,0,0,38,51,38
MEX,2007,5,1417,1,107146310.4,2007-05-01,23.64529642347475,13.020090014015778,57,13,5,40,50,22,50,0,37,21.276237915170697,19.469152252923987,16.408712965139227,14.044698796146625,14.689680874346683,18.315350568653493,7.50217530531915,5.310418713093385,7.433641350084693,13.732989050182855,14.080540816807597,11.482885406184288,1208,374,337,0,0,0,11,11,9,3,4,6,40,47,21,30,38,27,24,23,23,36,37,56,0,0,0,31,38,51
MEX,2007,6,2051,2,107146310.4,2007-06-01,25.051284759346117,30.15285475698606,0,12,2,38,48,30,33,0,31,23.64529642347475,21.276237915170697,19.469152252923987,16.408712965139227,14.044698796146625,14.689680874346683,13.020090014015778,7.50217530531915,5.310418713093385,7.433641350084693,13.732989050182855,14.080540816807597,1417,870,571,57,0,0,13,11,11,5,3,4,40,40,47,50,30,38,22,24,23,50,36,37,0,0,0,37,31,38
MEX,2007,7,3653,3,107146310.4,2007-07-01,24.602043748331333,52.05481473266659,0,11,1,46,26,26,29,0,27,25.051284759346117,23.64529642347475,21.276237915170697,19.469152252923987,16.408712965139227,14.044698796146625,30.15285475698606,13.020090014015778,7.50217530531915,5.310418713093385,7.433641350084693,13.732989050182855,2051,2054,1239,0,57,0,12,13,11,2,5,3,38,40,40,48,50,30,30,22,24,33,50,36,0,0,0,31,37,31
MEX,2007,8,4108,4,107146310.4,2007-08-01,24.581373806558712,55.93114616622427,0,15,3,50,31,23,55,0,67,24.602043748331333,25.051284759346117,23.64529642347475,21.276237915170697,19.469152252923987,16.408712965139227,52.05481473266659,30.15285475698606,13.020090014015778,7.50217530531915,5.310418713093385,7.433641350084693,3653,2005,3093,0,0,57,11,12,13,1,2,5,46,38,40,26,48,50,26,30,22,29,33,50,0,0,0,27,31,37
MEX,2007,9,9187,9,107146310.4,2007-09-01,23.590220122206635,44.63524127438375,0,25,5,39,34,28,53,0,81,24.581373806558712,24.602043748331333,25.051284759346117,23.64529642347475,21.276237915170697,19.469152252923987,55.93114616622427,52.05481473266659,30.15285475698606,13.020090014015778,7.50217530531915,5.310418713093385,4108,4191,4507,0,0,0,15,11,12,3,1,2,50,46,38,31,26,48,23,26,30,55,29,33,0,0,0,67,27,31
MEX,2007,10,11845,11,107146310.4,2007-10-01,21.416761005867162,25.804855294875367,45,47,5,36,36,38,39,0,54,23.590220122206635,24.581373806558712,24.602043748331333,25.051284759346117,23.64529642347475,21.276237915170697,44.63524127438375,55.93114616622427,52.05481473266659,30.15285475698606,13.020090014015778,7.50217530531915,9187,7605,6170,0,0,0,25,15,11,5,3,1,39,50,46,34,31,26,28,23,26,53,55,29,0,0,0,81,67,27
MEX,2007,11,9954,9,107146310.4,2007-11-01,18.29648438196786,9.906808848891878,0,31,7,27,37,27,36,0,54,21.416761005867162,23.590220122206635,24.581373806558712,24.602043748331333,25.051284759346117,23.64529642347475,25.804855294875367,44.63524127438375,55.93114616622427,52.05481473266659,30.15285475698606,13.020090014015778,11845,6475,2572,45,0,0,47,25,15,5,5,3,36,39,50,36,34,31,38,28,23,39,53,55,0,0,0,54,81,67
MEX,2007,12,2376,2,107146310.4,2007-12-01,15.811431020598553,7.600452423553897,0,13,3,27,25,17,24,0,31,18.29648438196786,21.416761005867162,23.590220122206635,24.581373806558712,24.602043748331333,25.051284759346117,9.906808848891878,25.804855294875367,44.63524127438375,55.93114616622427,52.05481473266659,30.15285475698606,9954,2792,2018,0,45,0,31,47,25,7,5,5,27,36,39,37,36,34,27,38,28,36,39,53,0,0,0,54,54,81
MEX,2008,1,1836,2,108545809.6,2008-01-01,14.907249636202609,7.52897055772099,0,8,7,30,24,17,36,0,43,15.811431020598553,18.29648438196786,21.416761005867162,23.590220122206635,24.581373806558712,24.602043748331333,7.600452423553897,9.906808848891878,25.804855294875367,44.63524127438375,55.93114616622427,52.05481473266659,2376,941,187,0,0,45,13,31,47,3,7,5,27,27,36,25,37,36,17,27,38,24,36,39,0,0,0,31,54,54
MEX,2008,2,1505,1,108545809.6,2008-02-01,17.377787067634014,4.443213717743723,0,10,8,30,31,19,52,0,62,14.907249636202609,15.811431020598553,18.29648438196786,21.416761005867162,23.590220122206635,24.581373806558712,7.52897055772099,7.600452423553897,9.906808848891878,25.804855294875367,44.63524127438375,55.93114616622427,1836,1381,254,0,0,0,8,13,31,7,3,7,30,27,27,24,25,37,17,17,27,36,24,36,0,0,0,43,31,54
MEX,2008,3,1263,1,108545809.6,2008-03-01,18.73745332630187,4.0874765922146485,0,8,6,30,22,15,32,0,48,17.377787067634014,14.907249636202609,15.811431020598553,18.29648438196786,21.416761005867162,23.590220122206635,4.443213717743723,7.52897055772099,7.600452423553897,9.906808848891878,25.804855294875367,44.63524127438375,1505,999,246,0,0,0,10,8,13,8,7,3,30,30,27,31,24,25,19,17,17,52,36,24,0,0,0,62,43,31
MEX,2008,4,975,1,108545809.6,2008-04-01,22.139128170465156,7.324747630241749,0,13,7,45,36,24,37,0,42,18.73745332630187,17.377787067634014,14.907249636202609,15.811431020598553,18.29648438196786,21.416761005867162,4.0874765922146485,4.443213717743723,7.52897055772099,7.600452423553897,9.906808848891878,25.804855294875367,1263,1208,281,0,0,0,8,10,8,6,8,7,30,30,30,22,31,24,15,19,17,32,52,36,0,0,0,48,62,43
MEX,2008,5,1246,1,108545809.6,2008-05-01,23.973139337182708,13.281897570243627,0,13,5,40,42,30,37,0,41,22.139128170465156,18.73745332630187,17.377787067634014,14.907249636202609,15.811431020598553,18.29648438196786,7.324747630241749,4.0874765922146485,4.443213717743723,7.52897055772099,7.600452423553897,9.906808848891878,975,1417,374,0,0,0,13,8,10,7,6,8,45,30,30,36,22,31,24,15,19,37,32,52,0,0,0,42,48,62
MEX,2008,6,1667,2,108545809.6,2008-06-01,25.51599091890898,36.61103631449677,0,17,3,45,33,30,29,0,37,23.973139337182708,22.139128170465156,18.73745332630187,17.377787067634014,14.907249636202609,15.811431020598553,13.281897570243627,7.324747630241749,4.0874765922146485,4.443213717743723,7.52897055772099,7.600452423553897,1246,2051,870,0,0,0,13,13,8,5,7,6,40,45,30,42,36,22,30,24,15,37,37,32,0,0,0,41,42,48
MEX,2008,7,2041,2,108545809.6,2008-07-01,24.212289747911584,64.55570081001757,0,12,1,44,28,25,21,0,38,25.51599091890898,23.973139337182708,22.139128170465156,18.73745332630187,17.377787067634014,14.907249636202609,36.61103631449677,13.281897570243627,7.324747630241749,4.0874765922146485,4.443213717743723,7.52897055772099,1667,3653,2054,0,0,0,17,13,13,3,5,7,45,40,45,33,42,36,30,30,24,29,37,37,0,0,0,37,41,42
MEX,2008,8,2714,3,108545809.6,2008-08-01,24.264174538650767,61.29332512343466,0,12,4,35,32,29,48,0,73,24.212289747911584,25.51599091890898,23.973139337182708,22.139128170465156,18.73745332630187,17.377787067634014,64.55570081001757,36.61103631449677,13.281897570243627,7.324747630241749,4.0874765922146485,4.443213717743723,2041,4108,2005,0,0,0,12,17,13,1,3,5,44,45,40,28,33,42,25,30,30,21,29,37,0,0,0,38,37,41
MEX,2008,9,3617,3,108545809.6,2008-09-01,22.884565070288566,63.93204432441212,0,20,9,39,35,32,46,0,90,24.264174538650767,24.212289747911584,25.51599091890898,23.973139337182708,22.139128170465156,18.73745332630187,61.29332512343466,64.55570081001757,36.61103631449677,13.281897570243627,7.324747630241749,4.0874765922146485,2714,9187,4191,0,0,0,12,12,17,4,1,3,35,44,45,32,28,33,29,25,30,48,21,29,0,0,0,73,38,37
MEX,2008,10,4273,4,108545809.6,2008-10-01,21.24372697909812,23.553204619079473,46,23,9,35,38,27,34,0,62,22.884565070288566,24.264174538650767,24.212289747911584,25.51599091890898,23.973139337182708,22.139128170465156,63.93204432441212,61.29332512343466,64.55570081001757,36.61103631449677,13.281897570243627,7.324747630241749,3617,11845,7605,0,0,0,20,12,12,9,4,1,39,35,44,35,32,28,32,29,25,46,48,21,0,0,0,90,73,38
MEX,2008,11,2858,3,108545809.6,2008-11-01,17.79890569019228,4.949195918624568,34,17,7,30,32,22,31,0,53,21.24372697909812,22.884565070288566,24.264174538650767,24.212289747911584,25.51599091890898,23.973139337182708,23.553204619079473,63.93204432441212,61.29332512343466,64.55570081001757,36.61103631449677,13.281897570243627,4273,9954,6475,46,0,0,23,20,12,9,9,4,35,39,35,38,35,32,27,32,29,34,46,48,0,0,0,62,90,73
MEX,2008,12,1045,1,108545809.6,2008-12-01,15.80634129575425,4.012503193884808,0,9,4,20,22,20,19,0,46,17.79890569019228,21.24372697909812,22.884565070288566,24.264174538650767,24.212289747911584,25.51599091890898,4.949195918624568,23.553204619079473,63.93204432441212,61.29332512343466,64.55570081001757,36.61103631449677,2858,2376,2792,34,46,0,17,23,20,7,9,9,30,35,39,32,38,35,22,27,32,31,34,46,0,0,0,53,62,90
MEX,2009,1,11950,11,109945308.8,2009-01-01,16.059989749986517,5.904053592886629,32,7,5,27,20,18,27,0,44,15.80634129575425,17.79890569019228,21.24372697909812,22.884565070288566,24.264174538650767,24.212289747911584,4.012503193884808,4.949195918624568,23.553204619079473,63.93204432441212,61.29332512343466,64.55570081001757,1045,1836,941,0,34,46,9,17,23,4,7,9,20,30,35,22,32,38,20,22,27,19,31,34,0,0,0,46,53,62
MEX,2009,2,10778,10,109945308.8,2009-02-01,17.52798706342281,3.585839345404079,0,9,7,31,30,18,44,0,64,16.059989749986517,15.80634129575425,17.79890569019228,21.24372697909812,22.884565070288566,24.264174538650767,5.904053592886629,4.012503193884808,4.949195918624568,23.553204619079473,63.93204432441212,61.29332512343466,11950,1505,1381,32,0,34,7,9,17,5,4,7,27,20,30,20,22,32,18,20,22,27,19,31,0,0,0,44,46,53
MEX,2009,3,9829,9,109945308.8,2009-03-01,19.404099465752164,4.210675251154255,0,11,5,38,32,22,34,0,57,17.52798706342281,16.059989749986517,15.80634129575425,17.79890569019228,21.24372697909812,22.884565070288566,3.585839345404079,5.904053592886629,4.012503193884808,4.949195918624568,23.553204619079473,63.93204432441212,10778,1263,999,0,32,0,9,7,9,7,5,4,31,27,20,30,20,22,18,18,20,44,27,19,0,0,0,64,44,46
MEX,2009,4,7838,7,109945308.8,2009-04-01,21.82568588012598,4.826876342994128,0,10,100,43,29,22,31,0,45,19.404099465752164,17.52798706342281,16.059989749986517,15.80634129575425,17.79890569019228,21.24372697909812,4.210675251154255,3.585839345404079,5.904053592886629,4.012503193884808,4.949195918624568,23.553204619079473,9829,975,1208,0,0,32,11,9,7,5,7,5,38,31,27,32,30,20,22,18,18,34,44,27,0,0,0,57,64,44
MEX,2009,5,10524,10,109945308.8,2009-05-01,24.446668509608408,16.99454391560001,29,14,43,47,40,25,37,0,46,21.82568588012598,19.404099465752164,17.52798706342281,16.059989749986517,15.80634129575425,17.79890569019228,4.826876342994128,4.210675251154255,3.585839345404079,5.904053592886629,4.012503193884808,4.949195918624568,7838,1246,1417,0,0,0,10,11,9,100,5,7,43,38,31,29,32,30,22,22,18,31,34,44,0,0,0,45,57,64
MEX,2009,6,14101,13,109945308.8,2009-06-01,25.272749166938702,33.291122895090815,0,12,9,50,45,28,31,0,50,24.446668509608408,21.82568588012598,19.404099465752164,17.52798706342281,16.059989749986517,15.80634129575425,16.99454391560001,4.826876342994128,4.210675251154255,3.585839345404079,5.904053592886629,4.012503193884808,10524,1667,2051,29,0,0,14,10,11,43,100,5,47,43,38,40,29,32,25,22,22,37,31,34,0,0,0,46,45,57
MEX,2009,7,18541,17,109945308.8,2009-07-01,26.085353679383537,29.282206543037145,0,8,2,43,24,28,19,0,41,25.272749166938702,24.446668509608408,21.82568588012598,19.404099465752164,17.52798706342281,16.059989749986517,33.291122895090815,16.99454391560001,4.826876342994128,4.210675251154255,3.585839345404079,5.904053592886629,14101,2041,3653,0,29,0,12,14,10,9,43,100,50,47,43,45,40,29,28,25,22,31,37,31,0,0,0,50,46,45
MEX,2009,8,26941,25,109945308.8,2009-08-01,25.441387421186207,34.798531945144006,34,18,4,39,32,31,42,0,68,26.085353679383537,25.272749166938702,24.446668509608408,21.82568588012598,19.404099465752164,17.52798706342281,29.282206543037145,33.291122895090815,16.99454391560001,4.826876342994128,4.210675251154255,3.585839345404079,18541,2714,4108,0,0,29,8,12,14,2,9,43,43,50,47,24,45,40,28,28,25,19,31,37,0,0,0,41,50,46
MEX,2009,9,38680,35,109945308.8,2009-09-01,23.75771678426569,49.920161962630445,54,53,9,44,39,47,43,0,89,25.441387421186207,26.085353679383537,25.272749166938702,24.446668509608408,21.82568588012598,19.404099465752164,34.798531945144006,29.282206543037145,33.291122895090815,16.99454391560001,4.826876342994128,4.210675251154255,26941,3617,9187,34,0,0,18,8,12,4,2,9,39,43,50,32,24,45,31,28,28,42,19,31,0,0,0,68,41,50
MEX,2009,10,46869,43,109945308.8,2009-10-01,21.766981054174238,29.270278731906053,79,65,9,51,41,58,31,0,64,23.75771678426569,25.441387421186207,26.085353679383537,25.272749166938702,24.446668509608408,21.82568588012598,49.920161962630445,34.798531945144006,29.282206543037145,33.291122895090815,16.99454391560001,4.826876342994128,38680,4273,11845,54,34,0,53,18,8,9,4,2,44,39,43,39,32,24,47,31,28,43,42,19,0,0,0,89,68,41
MEX,2009,11,30744,28,109945308.8,2009-11-01,17.852604104711407,12.93110883957013,71,40,8,34,32,34,30,0,60,21.766981054174238,23.75771678426569,25.441387421186207,26.085353679383537,25.272749166938702,24.446668509608408,29.270278731906053,49.920161962630445,34.798531945144006,29.282206543037145,33.291122895090815,16.99454391560001,46869,2858,9954,79,54,34,65,53,18,9,9,4,51,44,39,41,39,32,58,47,31,31,43,42,0,0,0,64,89,68
MEX,2009,12,11594,11,109945308.8,2009-12-01,14.82197262597591,12.411629567939368,0,17,5,23,26,22,19,0,51,17.852604104711407,21.766981054174238,23.75771678426569,25.441387421186207,26.085353679383537,25.272749166938702,12.93110883957013,29.270278731906053,49.920161962630445,34.798531945144006,29.282206543037145,33.291122895090815,30744,1045,2376,71,79,54,40,65,53,8,9,9,34,51,44,32,41,39,34,58,47,30,31,43,0,0,0,60,64,89
MEX,2010,1,2476,2,111344808,2010-01-01,14.203917887125131,15.424024652804448,42,10,5,27,21,18,28,0,45,14.82197262597591,17.852604104711407,21.766981054174238,23.75771678426569,25.441387421186207,26.085353679383537,12.411629567939368,12.93110883957013,29.270278731906053,49.920161962630445,34.798531945144006,29.282206543037145,11594,11950,1836,0,71,79,17,40,65,5,8,9,23,34,51,26,32,41,22,34,58,19,30,31,0,0,0,51,60,64
MEX,2010,2,1946,2,111344808,2010-02-01,14.756238972891044,19.293507372586895,0,10,7,25,28,19,43,0,68,14.203917887125131,14.82197262597591,17.852604104711407,21.766981054174238,23.75771678426569,25.441387421186207,15.424024652804448,12.411629567939368,12.93110883957013,29.270278731906053,49.920161962630445,34.798531945144006,2476,10778,1505,42,0,71,10,17,40,5,5,8,27,23,34,21,26,32,18,22,34,28,19,30,0,0,0,45,51,60
MEX,2010,3,1872,2,111344808,2010-03-01,17.81836936148611,4.269902975697834,0,10,6,31,33,23,30,0,62,14.756238972891044,14.203917887125131,14.82197262597591,17.852604104711407,21.766981054174238,23.75771678426569,19.293507372586895,15.424024652804448,12.411629567939368,12.93110883957013,29.270278731906053,49.920161962630445,1946,9829,1263,0,42,0,10,10,17,7,5,5,25,27,23,28,21,26,19,18,22,43,28,19,0,0,0,68,45,51
MEX,2010,4,1677,2,111344808,2010-04-01,21.012919705553895,13.71855394899714,0,11,4,40,35,25,30,0,51,17.81836936148611,14.756238972891044,14.203917887125131,14.82197262597591,17.852604104711407,21.766981054174238,4.269902975697834,19.293507372586895,15.424024652804448,12.411629567939368,12.93110883957013,29.270278731906053,1872,7838,975,0,0,42,10,10,10,6,7,5,31,25,27,33,28,21,23,19,18,30,43,28,0,0,0,62,68,45
MEX,2010,5,2097,2,111344808,2010-05-01,24.226068221982516,9.89165705638182,26,14,4,44,46,34,26,0,55,21.012919705553895,17.81836936148611,14.756238972891044,14.203917887125131,14.82197262597591,17.852604104711407,13.71855394899714,4.269902975697834,19.293507372586895,15.424024652804448,12.411629567939368,12.93110883957013,1677,10524,1246,0,0,0,11,10,10,4,6,7,40,31,25,35,33,28,25,23,19,30,30,43,0,0,0,51,62,68
MEX,2010,6,2994,3,111344808,2010-06-01,25.801698208610244,33.06181849955339,0,13,3,41,42,33,23,0,44,24.226068221982516,21.012919705553895,17.81836936148611,14.756238972891044,14.203917887125131,14.82197262597591,9.89165705638182,13.71855394899714,4.269902975697834,19.293507372586895,15.424024652804448,12.411629567939368,2097,14101,1667,26,0,0,14,11,10,4,4,6,44,40,31,46,35,33,34,25,23,26,30,30,0,0,0,55,51,62
MEX,2010,7,4289,4,111344808,2010-07-01,24.427933818955307,82.08952039548163,41,18,2,47,32,41,17,0,39,25.801698208610244,24.226068221982516,21.012919705553895,17.81836936148611,14.756238972891044,14.203917887125131,33.06181849955339,9.89165705638182,13.71855394899714,4.269902975697834,19.293507372586895,15.424024652804448,2994,18541,2041,0,26,0,13,14,11,3,4,4,41,44,40,42,46,35,33,34,25,23,26,30,0,0,0,44,55,51
MEX,2010,8,6076,5,111344808,2010-08-01,25.338723434665415,53.31707795532065,31,18,4,46,37,43,47,0,67,24.427933818955307,25.801698208610244,24.226068221982516,21.012919705553895,17.81836936148611,14.756238972891044,82.08952039548163,33.06181849955339,9.89165705638182,13.71855394899714,4.269902975697834,19.293507372586895,4289,26941,2714,41,0,26,18,13,14,2,3,4,47,41,44,32,42,46,41,33,34,17,23,26,0,0,0,39,44,55
MEX,2010,9,8303,7,111344808,2010-09-01,23.985413016290277,66.1010879670167,0,18,6,40,39,36,40,0,74,25.338723434665415,24.427933818955307,25.801698208610244,24.226068221982516,21.012919705553895,17.81836936148611,53.31707795532065,82.08952039548163,33.06181849955339,9.89165705638182,13.71855394899714,4.269902975697834,6076,38680,3617,31,41,0,18,18,13,4,2,3,46,47,41,37,32,42,43,41,33,47,17,23,0,0,0,67,39,44
MEX,2010,10,9595,9,111344808,2010-10-01,21.134669997920113,6.78794816000291,0,19,6,44,27,29,31,0,62,23.985413016290277,25.338723434665415,24.427933818955307,25.801698208610244,24.226068221982516,21.012919705553895,66.1010879670167,53.31707795532065,82.08952039548163,33.06181849955339,9.89165705638182,13.71855394899714,8303,46869,4273,0,31,41,18,18,18,6,4,2,40,46,47,39,37,32,36,43,41,40,47,17,0,0,0,74,67,39
MEX,2010,11,7428,7,111344808,2010-11-01,17.56277667522499,3.9426015380754946,31,17,5,35,28,24,27,0,53,21.134669997920113,23.985413016290277,25.338723434665415,24.427933818955307,25.801698208610244,24.226068221982516,6.78794816000291,66.1010879670167,53.31707795532065,82.08952039548163,33.06181849955339,9.89165705638182,9595,30744,2858,0,0,31,19,18,18,6,6,4,44,40,46,27,39,37,29,36,43,31,40,47,0,0,0,62,74,67
MEX,2010,12,2882,3,111344808,2010-12-01,15.222438039420194,3.6080403691389047,0,8,4,20,19,21,16,0,40,17.56277667522499,21.134669997920113,23.985413016290277,25.338723434665415,24.427933818955307,25.801698208610244,3.9426015380754946,6.78794816000291,66.1010879670167,53.31707795532065,82.08952039548163,33.06181849955339,7428,11594,1045,31,0,0,17,19,18,5,6,6,35,44,40,28,27,39,24,29,36,27,31,40,0,0,0,53,62,74
MEX,2011,1,2545,2,112847300.8,2011-01-01,15.024668208589915,5.687330382732764,22,6,4,23,20,19,25,0,38,15.222438039420194,17.56277667522499,21.134669997920113,23.985413016290277,25.338723434665415,24.427933818955307,3.6080403691389047,3.9426015380754946,6.78794816000291,66.1010879670167,53.31707795532065,82.08952039548163,2882,2476,11950,0,31,0,8,17,19,4,5,6,20,35,44,19,28,27,21,24,29,16,27,31,0,0,0,40,53,62
MEX,2011,2,2322,2,112847300.8,2011-02-01,16.041260387848645,3.587580161502566,18,5,5,28,25,18,39,0,55,15.024668208589915,15.222438039420194,17.56277667522499,21.134669997920113,23.985413016290277,25.338723434665415,5.687330382732764,3.6080403691389047,3.9426015380754946,6.78794816000291,66.1010879670167,53.31707795532065,2545,1946,10778,22,0,31,6,8,17,4,4,5,23,20,35,20,19,28,19,21,24,25,16,27,0,0,0,38,40,53
MEX,2011,3,2232,2,112847300.8,2011-03-01,20.38152482612868,3.5585509602215772,0,9,4,33,26,23,27,0,48,16.041260387848645,15.024668208589915,15.222438039420194,17.56277667522499,21.134669997920113,23.985413016290277,3.587580161502566,5.687330382732764,3.6080403691389047,3.9426015380754946,6.78794816000291,66.1010879670167,2322,1872,9829,18,22,0,5,6,8,5,4,4,28,23,20,25,20,19,18,19,21,39,25,16,0,0,0,55,38,40
MEX,2011,4,1817,2,112847300.8,2011-04-01,23.442289702082665,3.484294179870155,0,8,3,40,28,27,20,0,35,20.38152482612868,16.041260387848645,15.024668208589915,15.222438039420194,17.56277667522499,21.134669997920113,3.5585509602215772,3.587580161502566,5.687330382732764,3.6080403691389047,3.9426015380754946,6.78794816000291,2232,1677,7838,0,18,22,9,5,6,4,5,4,33,28,23,26,25,20,23,18,19,27,39,25,0,0,0,48,55,38
MEX,2011,5,2294,2,112847300.8,2011-05-01,24.809388295636698,5.665722435105632,18,8,3,39,38,36,23,0,38,23.442289702082665,20.38152482612868,16.041260387848645,15.024668208589915,15.222438039420194,17.56277667522499,3.484294179870155,3.5585509602215772,3.587580161502566,5.687330382732764,3.6080403691389047,3.9426015380754946,1817,2097,10524,0,0,18,8,9,5,3,4,5,40,33,28,28,26,25,27,23,18,20,27,39,0,0,0,35,48,55
MEX,2011,6,3604,3,112847300.8,2011-06-01,26.34594827615418,30.903646658988983,23,8,3,42,39,35,21,0,39,24.809388295636698,23.442289702082665,20.38152482612868,16.041260387848645,15.024668208589915,15.222438039420194,5.665722435105632,3.484294179870155,3.5585509602215772,3.587580161502566,5.687330382732764,3.6080403691389047,2294,2994,14101,18,0,0,8,8,9,3,3,4,39,40,33,38,28,26,36,27,23,23,20,27,0,0,0,38,35,48
MEX,2011,7,4896,4,112847300.8,2011-07-01,25.061865648585762,58.28437250121137,18,7,2,39,27,41,14,0,31,26.34594827615418,24.809388295636698,23.442289702082665,20.38152482612868,16.041260387848645,15.024668208589915,30.903646658988983,5.665722435105632,3.484294179870155,3.5585509602215772,3.587580161502566,5.687330382732764,3604,4289,18541,23,18,0,8,8,8,3,3,3,42,39,40,39,38,28,35,36,27,21,23,20,0,0,0,39,38,35
MEX,2011,8,7224,6,112847300.8,2011-08-01,25.75554454925996,43.86310135295479,26,8,3,42,33,43,38,0,62,25.061865648585762,26.34594827615418,24.809388295636698,23.442289702082665,20.38152482612868,16.041260387848645,58.28437250121137,30.903646658988983,5.665722435105632,3.484294179870155,3.5585509602215772,3.587580161502566,4896,6076,26941,18,23,18,7,8,8,2,3,3,39,42,39,27,39,38,41,35,36,14,21,23,0,0,0,31,39,38
MEX,2011,9,9935,9,112847300.8,2011-09-01,24.324341763542577,35.35534286081687,34,14,6,42,39,39,38,0,81,25.75554454925996,25.061865648585762,26.34594827615418,24.809388295636698,23.442289702082665,20.38152482612868,43.86310135295479,58.28437250121137,30.903646658988983,5.665722435105632,3.484294179870155,3.5585509602215772,7224,8303,38680,26,18,23,8,7,8,3,2,3,42,39,42,33,27,39,43,41,35,38,14,21,0,0,0,62,31,39
MEX,2011,10,12371,11,112847300.8,2011-10-01,21.549989676312713,22.97976298588539,45,17,6,37,30,34,28,0,58,24.324341763542577,25.75554454925996,25.061865648585762,26.34594827615418,24.809388295636698,23.442289702082665,35.35534286081687,43.86310135295479,58.28437250121137,30.903646658988983,5.665722435105632,3.484294179870155,9935,9595,46869,34,26,18,14,8,7,6,3,2,42,42,39,39,33,27,39,43,41,38,38,14,0,0,0,81,62,31
MEX,2011,11,9932,9,112847300.8,2011-11-01,17.917609239586753,10.966037305565308,30,13,5,37,31,24,26,0,53,21.549989676312713,24.324341763542577,25.75554454925996,25.061865648585762,26.34594827615418,24.809388295636698,22.97976298588539,35.35534286081687,43.86310135295479,58.28437250121137,30.903646658988983,5.665722435105632,12371,7428,30744,45,34,26,17,14,8,6,6,3,37,42,42,30,39,33,34,39,43,28,38,38,0,0,0,58,81,62
MEX,2011,12,4456,4,112847300.8,2011-12-01,14.654089074420797,6.945358890462391,17,6,3,24,20,19,13,0,38,17.917609239586753,21.549989676312713,24.324341763542577,25.75554454925996,25.061865648585762,26.34594827615418,10.966037305565308,22.97976298588539,35.35534286081687,43.86310135295479,58.28437250121137,30.903646658988983,9932,2882,11594,30,45,34,13,17,14,5,6,6,37,37,42,31,30,39,24,34,39,26,28,38,0,0,0,53,58,81
MEX,2012,1,4717,4,114349793.6,2012-01-01,15.889303962874388,6.936516661703702,12,6,4,29,20,17,24,0,39,14.654089074420797,17.917609239586753,21.549989676312713,24.324341763542577,25.75554454925996,25.061865648585762,6.945358890462391,10.966037305565308,22.97976298588539,35.35534286081687,43.86310135295479,58.28437250121137,4456,2545,2476,17,30,45,6,13,17,3,5,6,24,37,37,20,31,30,19,24,34,13,26,28,0,0,0,38,53,58
MEX,2012,2,4360,4,114349793.6,2012-02-01,16.562164160251065,12.405371345997878,25,6,6,29,23,19,35,0,59,15.889303962874388,14.654089074420797,17.917609239586753,21.549989676312713,24.324341763542577,25.75554454925996,6.936516661703702,6.945358890462391,10.966037305565308,22.97976298588539,35.35534286081687,43.86310135295479,4717,2322,1946,12,17,30,6,6,13,4,3,5,29,24,37,20,20,31,17,19,24,24,13,26,0,0,0,39,38,53
MEX,2012,3,4016,4,114349793.6,2012-03-01,19.590433917972867,5.061159431540685,19,8,4,35,29,25,25,0,49,16.562164160251065,15.889303962874388,14.654089074420797,17.917609239586753,21.549989676312713,24.324341763542577,12.405371345997878,6.936516661703702,6.945358890462391,10.966037305565308,22.97976298588539,35.35534286081687,4360,2232,1872,25,12,17,6,6,6,6,4,3,29,29,24,23,20,20,19,17,19,35,24,13,0,0,0,59,39,38
MEX,2012,4,4119,4,114349793.6,2012-04-01,22.20049811203262,6.869252233097733,17,6,3,36,27,28,17,0,39,19.590433917972867,16.562164160251065,15.889303962874388,14.654089074420797,17.917609239586753,21.549989676312713,5.061159431540685,12.405371345997878,6.936516661703702,6.945358890462391,10.966037305565308,22.97976298588539,4016,1817,1677,19,25,12,8,6,6,4,6,4,35,29,29,29,23,20,25,19,17,25,35,24,0,0,0,49,59,39
MEX,2012,5,6142,5,114349793.6,2012-05-01,24.5128621496673,16.415488479218354,28,7,4,43,37,38,21,0,43,22.20049811203262,19.590433917972867,16.562164160251065,15.889303962874388,14.654089074420797,17.917609239586753,6.869252233097733,5.061159431540685,12.405371345997878,6.936516661703702,6.945358890462391,10.966037305565308,4119,2294,2097,17,19,25,6,8,6,3,4,6,36,35,29,27,29,23,28,25,19,17,25,35,0,0,0,39,49,59
MEX,2012,6,9498,8,114349793.6,2012-06-01,25.74466867405718,36.69611285619482,22,8,2,44,34,39,17,0,40,24.5128621496673,22.20049811203262,19.590433917972867,16.562164160251065,15.889303962874388,14.654089074420797,16.415488479218354,6.869252233097733,5.061159431540685,12.405371345997878,6.936516661703702,6.945358890462391,6142,3604,2994,28,17,19,7,6,8,4,3,4,43,36,35,37,27,29,38,28,25,21,17,25,0,0,0,43,39,49
MEX,2012,7,14050,12,114349793.6,2012-07-01,24.564134531791744,42.994732695560764,17,10,2,43,30,45,12,0,31,25.74466867405718,24.5128621496673,22.20049811203262,19.590433917972867,16.562164160251065,15.889303962874388,36.69611285619482,16.415488479218354,6.869252233097733,5.061159431540685,12.405371345997878,6.936516661703702,9498,4896,4289,22,28,17,8,7,6,2,4,3,44,43,36,34,37,27,39,38,28,17,21,17,0,0,0,40,43,39
MEX,2012,8,20187,18,114349793.6,2012-08-01,25.163213029773058,50.33326134059136,24,18,4,45,35,52,38,0,63,24.564134531791744,25.74466867405718,24.5128621496673,22.20049811203262,19.590433917972867,16.562164160251065,42.994732695560764,36.69611285619482,16.415488479218354,6.869252233097733,5.061159431540685,12.405371345997878,14050,7224,6076,17,22,28,10,8,7,2,2,4,43,44,43,30,34,37,45,39,38,12,17,21,0,0,0,31,40,43
MEX,2012,9,26616,23,114349793.6,2012-09-01,23.785989350365515,37.6106641510841,40,23,6,47,35,52,32,0,74,25.163213029773058,24.564134531791744,25.74466867405718,24.5128621496673,22.20049811203262,19.590433917972867,50.33326134059136,42.994732695560764,36.69611285619482,16.415488479218354,6.869252233097733,5.061159431540685,20187,9935,8303,24,17,22,18,10,8,4,2,2,45,43,44,35,30,34,52,45,39,38,12,17,0,0,0,63,31,40
MEX,2012,10,35409,31,114349793.6,2012-10-01,22.073230750790522,16.04273994726663,34,21,6,44,33,41,25,0,53,23.785989350365515,25.163213029773058,24.564134531791744,25.74466867405718,24.5128621496673,22.20049811203262,37.6106641510841,50.33326134059136,42.994732695560764,36.69611285619482,16.415488479218354,6.869252233097733,26616,12371,9595,40,24,17,23,18,10,6,4,2,47,45,43,35,35,30,52,52,45,32,38,12,0,0,0,74,63,31
MEX,2012,11,26036,23,114349793.6,2012-11-01,18.661342965894843,6.193459402070981,30,16,4,32,26,26,20,0,47,22.073230750790522,23.785989350365515,25.163213029773058,24.564134531791744,25.74466867405718,24.5128621496673,16.04273994726663,37.6106641510841,50.33326134059136,42.994732695560764,36.69611285619482,16.415488479218354,35409,9932,7428,34,40,24,21,23,18,6,6,4,44,47,45,33,35,35,41,52,52,25,32,38,0,0,0,53,74,63
MEX,2012,12,10599,9,114349793.6,2012-12-01,16.377261758056033,6.272569796882201,11,8,3,28,19,19,13,0,29,18.661342965894843,22.073230750790522,23.785989350365515,25.163213029773058,24.564134531791744,25.74466867405718,6.193459402070981,16.04273994726663,37.6106641510841,50.33326134059136,42.994732695560764,36.69611285619482,26036,4456,2882,30,34,40,16,21,23,4,6,6,32,44,47,26,33,35,26,41,52,20,25,32,0,0,0,47,53,74
MEX,2013,1,3939,3,115852286.4,2013-01-01,14.725884783349835,11.674020807410566,15,6,4,28,21,19,22,0,36,16.377261758056033,18.661342965894843,22.073230750790522,23.785989350365515,25.163213029773058,24.564134531791744,6.272569796882201,6.193459402070981,16.04273994726663,37.6106641510841,50.33326134059136,42.994732695560764,10599,4717,2545,11,30,34,8,16,21,3,4,6,28,32,44,19,26,33,19,26,41,13,20,25,0,0,0,29,47,53
MEX,2013,2,4895,4,115852286.4,2013-02-01,16.97892075416839,3.436856889637643,13,7,5,31,26,18,32,0,54,14.725884783349835,16.377261758056033,18.661342965894843,22.073230750790522,23.785989350365515,25.163213029773058,11.674020807410566,6.272569796882201,6.193459402070981,16.04273994726663,37.6106641510841,50.33326134059136,3939,4360,2322,15,11,30,6,8,16,4,3,4,28,28,32,21,19,26,19,19,26,22,13,20,0,0,0,36,29,47
MEX,2013,3,5627,5,115852286.4,2013-03-01,19.02425121183832,4.104392320980429,16,7,3,31,28,22,22,0,46,16.97892075416839,14.725884783349835,16.377261758056033,18.661342965894843,22.073230750790522,23.785989350365515,3.436856889637643,11.674020807410566,6.272569796882201,6.193459402070981,16.04273994726663,37.6106641510841,4895,4016,2232,13,15,11,7,6,8,5,4,3,31,28,28,26,21,19,18,19,19,32,22,13,0,0,0,54,36,29
MEX,2013,4,4870,4,115852286.4,2013-04-01,22.006935349768227,4.858698143202354,21,8,3,39,33,35,22,0,40,19.02425121183832,16.97892075416839,14.725884783349835,16.377261758056033,18.661342965894843,22.073230750790522,4.104392320980429,3.436856889637643,11.674020807410566,6.272569796882201,6.193459402070981,16.04273994726663,5627,4119,1817,16,13,15,7,7,6,3,5,4,31,31,28,28,26,21,22,18,19,22,32,22,0,0,0,46,54,36
MEX,2013,5,8214,7,115852286.4,2013-05-01,23.833419978342373,16.378512613724148,28,9,3,42,40,37,21,0,39,22.006935349768227,19.02425121183832,16.97892075416839,14.725884783349835,16.377261758056033,18.661342965894843,4.858698143202354,4.104392320980429,3.436856889637643,11.674020807410566,6.272569796882201,6.193459402070981,4870,6142,2294,21,16,13,8,7,7,3,3,5,39,31,31,33,28,26,35,22,18,22,22,32,0,0,0,40,46,54
MEX,2013,6,16155,14,115852286.4,2013-06-01,25.802163223644747,33.64835741931986,29,12,2,48,39,53,16,0,37,23.833419978342373,22.006935349768227,19.02425121183832,16.97892075416839,14.725884783349835,16.377261758056033,16.378512613724148,4.858698143202354,4.104392320980429,3.436856889637643,11.674020807410566,6.272569796882201,8214,9498,3604,28,21,16,9,8,7,3,3,3,42,39,31,40,33,28,37,35,22,21,22,22,0,0,0,39,40,46
MEX,2013,7,22908,20,115852286.4,2013-07-01,24.635381239470505,52.776995272581594,25,15,1,58,39,55,11,0,31,25.802163223644747,23.833419978342373,22.006935349768227,19.02425121183832,16.97892075416839,14.725884783349835,33.64835741931986,16.378512613724148,4.858698143202354,4.104392320980429,3.436856889637643,11.674020807410566,16155,14050,4896,29,28,21,12,9,8,2,3,3,48,42,39,39,40,33,53,37,35,16,21,22,0,0,0,37,39,40
MEX,2013,8,28887,25,115852286.4,2013-08-01,24.840016183779777,45.185636259691194,33,20,3,56,40,54,36,0,58,24.635381239470505,25.802163223644747,23.833419978342373,22.006935349768227,19.02425121183832,16.97892075416839,52.776995272581594,33.64835741931986,16.378512613724148,4.858698143202354,4.104392320980429,3.436856889637643,22908,20187,7224,25,29,28,15,12,9,1,2,3,58,48,42,39,39,40,55,53,37,11,16,21,0,0,0,31,37,39
MEX,2013,9,45155,39,115852286.4,2013-09-01,23.337355552051132,72.90485838193432,41,28,4,44,35,51,31,0,68,24.840016183779777,24.635381239470505,25.802163223644747,23.833419978342373,22.006935349768227,19.02425121183832,45.185636259691194,52.776995272581594,33.64835741931986,16.378512613724148,4.858698143202354,4.104392320980429,28887,26616,9935,33,25,29,20,15,12,3,1,2,56,58,48,40,39,39,54,55,53,36,11,16,0,0,0,58,31,37
MEX,2013,10,40127,35,115852286.4,2013-10-01,21.4497489579147,29.15455654498817,38,31,6,53,35,55,25,0,53,23.337355552051132,24.840016183779777,24.635381239470505,25.802163223644747,23.833419978342373,22.006935349768227,72.90485838193432,45.185636259691194,52.776995272581594,33.64835741931986,16.378512613724148,4.858698143202354,45155,35409,12371,41,33,25,28,20,15,4,3,1,44,56,58,35,40,39,51,54,55,31,36,11,0,0,0,68,58,31
MEX,2013,11,34226,30,115852286.4,2013-11-01,17.71075731007081,25.079261800553883,32,23,4,42,29,34,22,0,46,21.4497489579147,23.337355552051132,24.840016183779777,24.635381239470505,25.802163223644747,23.833419978342373,29.15455654498817,72.90485838193432,45.185636259691194,52.776995272581594,33.64835741931986,16.378512613724148,40127,26036,9932,38,41,33,31,28,20,6,4,3,53,44,56,35,35,40,55,51,54,25,31,36,0,0,0,53,68,58
MEX,2013,12,16495,14,115852286.4,2013-12-01,15.397042156022824,16.498206840511383,21,11,3,31,23,21,12,0,31,17.71075731007081,21.4497489579147,23.337355552051132,24.840016183779777,24.635381239470505,25.802163223644747,25.079261800553883,29.15455654498817,72.90485838193432,45.185636259691194,52.776995272581594,33.64835741931986,34226,10599,4456,32,38,41,23,31,28,4,6,4,42,53,44,29,35,35,34,55,51,22,25,31,0,0,0,46,53,68
MEX,2014,1,5190,4,117354779.2,2014-01-01,14.858967146982412,7.302579876939714,10,8,5,35,25,20,21,0,36,15.397042156022824,17.71075731007081,21.4497489579147,23.337355552051132,24.840016183779777,24.635381239470505,16.498206840511383,25.079261800553883,29.15455654498817,72.90485838193432,45.185636259691194,52.776995272581594,16495,3939,4717,21,32,38,11,23,31,3,4,6,31,42,53,23,29,35,21,34,55,12,22,25,0,0,0,31,46,53
MEX,2014,2,5062,4,117354779.2,2014-02-01,17.82803061643228,2.9636624989818516,20,8,5,34,29,22,29,0,52,14.858967146982412,15.397042156022824,17.71075731007081,21.4497489579147,23.337355552051132,24.840016183779777,7.302579876939714,16.498206840511383,25.079261800553883,29.15455654498817,72.90485838193432,45.185636259691194,5190,4895,4360,10,21,32,8,11,23,5,3,4,35,31,42,25,23,29,20,21,34,21,12,22,0,0,0,36,31,46
MEX,2014,3,5886,5,117354779.2,2014-03-01,19.462834080820578,7.253565657184289,23,9,3,39,35,29,22,0,44,17.82803061643228,14.858967146982412,15.397042156022824,17.71075731007081,21.4497489579147,23.337355552051132,2.9636624989818516,7.302579876939714,16.498206840511383,25.079261800553883,29.15455654498817,72.90485838193432,5062,5627,4016,20,10,21,8,8,11,5,5,3,34,35,31,29,25,23,22,20,21,29,21,12,0,0,0,52,36,31
MEX,2014,4,4063,3,117354779.2,2014-04-01,22.229363943193697,5.451711635128353,23,10,3,51,36,40,18,0,36,19.462834080820578,17.82803061643228,14.858967146982412,15.397042156022824,17.71075731007081,21.4497489579147,7.253565657184289,2.9636624989818516,7.302579876939714,16.498206840511383,25.079261800553883,29.15455654498817,5886,4870,4119,23,20,10,9,8,8,3,5,5,39,34,35,35,29,25,29,22,20,22,29,21,0,0,0,44,52,36
MEX,2014,5,5661,5,117354779.2,2014-05-01,23.466828163578544,24.92800510862621,25,9,3,48,40,42,20,0,40,22.229363943193697,19.462834080820578,17.82803061643228,14.858967146982412,15.397042156022824,17.71075731007081,5.451711635128353,7.253565657184289,2.9636624989818516,7.302579876939714,16.498206840511383,25.079261800553883,4063,8214,6142,23,23,20,10,9,8,3,3,5,51,39,34,36,35,29,40,29,22,18,22,29,0,0,0,36,44,52
MEX,2014,6,10521,9,117354779.2,2014-06-01,25.732574535651175,41.50304390684328,34,11,4,51,45,57,17,0,35,23.466828163578544,22.229363943193697,19.462834080820578,17.82803061643228,14.858967146982412,15.397042156022824,24.92800510862621,5.451711635128353,7.253565657184289,2.9636624989818516,7.302579876939714,16.498206840511383,5661,16155,9498,25,23,23,9,10,9,3,3,3,48,51,39,40,36,35,42,40,29,20,18,22,0,0,0,40,36,44
MEX,2014,7,10607,9,117354779.2,2014-07-01,25.07958817777633,36.29877012492642,33,12,2,58,41,70,13,0,30,25.732574535651175,23.466828163578544,22.229363943193697,19.462834080820578,17.82803061643228,14.858967146982412,41.50304390684328,24.92800510862621,5.451711635128353,7.253565657184289,2.9636624989818516,7.302579876939714,10521,22908,14050,34,25,23,11,9,10,4,3,3,51,48,51,45,40,36,57,42,40,17,20,18,0,0,0,35,40,36
MEX,2014,8,14690,13,117354779.2,2014-08-01,24.829574196747977,41.3252827598275,28,12,6,56,46,62,36,0,57,25.07958817777633,25.732574535651175,23.466828163578544,22.229363943193697,19.462834080820578,17.82803061643228,36.29877012492642,41.50304390684328,24.92800510862621,5.451711635128353,7.253565657184289,2.9636624989818516,10607,28887,20187,33,34,25,12,11,9,2,4,3,58,51,48,41,45,40,70,57,42,13,17,20,0,0,0,30,35,40
MEX,2014,9,15679,13,117354779.2,2014-09-01,23.500329410453226,63.06784184088,29,15,7,53,45,57,31,0,69,24.829574196747977,25.07958817777633,25.732574535651175,23.466828163578544,22.229363943193697,19.462834080820578,41.3252827598275,36.29877012492642,41.50304390684328,24.92800510862621,5.451711635128353,7.253565657184289,14690,45155,26616,28,33,34,12,12,11,6,2,4,56,58,51,46,41,45,62,70,57,36,13,17,0,0,0,57,30,35
MEX,2014,10,23140,20,117354779.2,2014-10-01,22.04579072912265,30.938078425442225,36,27,8,57,39,53,25,0,53,23.500329410453226,24.829574196747977,25.07958817777633,25.732574535651175,23.466828163578544,22.229363943193697,63.06784184088,41.3252827598275,36.29877012492642,41.50304390684328,24.92800510862621,5.451711635128353,15679,40127,35409,29,28,33,15,12,12,7,6,2,53,56,58,45,46,41,57,62,70,31,36,13,0,0,0,69,57,30
MEX,2014,11,19984,17,117354779.2,2014-11-01,17.090469989784278,17.153427801319054,40,23,4,39,34,38,19,0,43,22.04579072912265,23.500329410453226,24.829574196747977,25.07958817777633,25.732574535651175,23.466828163578544,30.938078425442225,63.06784184088,41.3252827598275,36.29877012492642,41.50304390684328,24.92800510862621,23140,34226,26036,36,29,28,27,15,12,8,7,6,57,53,56,39,45,46,53,57,62,25,31,36,0,0,0,53,69,57
MEX,2014,12,4460,4,117354779.2,2014-12-01,15.940172676059001,6.6051889737366,22,10,4,33,26,25,11,0,31,17.090469989784278,22.04579072912265,23.500329410453226,24.829574196747977,25.07958817777633,25.732574535651175,17.153427801319054,30.938078425442225,63.06784184088,41.3252827598275,36.29877012492642,41.50304390684328,19984,16495,10599,40,36,29,23,27,15,4,8,7,39,57,53,34,39,45,38,53,57,19,25,31,0,0,0,43,53,69
MEX,2015,1,3718,3,118857272,2015-01-01,14.882986069495658,13.077893917778953,16,8,4,36,27,24,21,0,36,15.940172676059001,17.090469989784278,22.04579072912265,23.500329410453226,24.829574196747977,25.07958817777633,6.6051889737366,17.153427801319054,30.938078425442225,63.06784184088,41.3252827598275,36.29877012492642,4460,5190,3939,22,40,36,10,23,27,4,4,8,33,39,57,26,34,39,25,38,53,11,19,25,0,0,0,31,43,53
MEX,2015,2,4430,4,118857272,2015-02-01,16.75983838636818,10.720809644447572,18,8,5,38,31,24,28,0,51,14.882986069495658,15.940172676059001,17.090469989784278,22.04579072912265,23.500329410453226,24.829574196747977,13.077893917778953,6.6051889737366,17.153427801319054,30.938078425442225,63.06784184088,41.3252827598275,3718,5062,4895,16,22,40,8,10,23,4,4,4,36,33,39,27,26,34,24,25,38,21,11,19,0,0,0,36,31,43
MEX,2015,3,5827,5,118857272,2015-03-01,18.484603076557615,25.08781313874837,22,10,3,42,34,35,22,0,42,16.75983838636818,14.882986069495658,15.940172676059001,17.090469989784278,22.04579072912265,23.500329410453226,10.720809644447572,13.077893917778953,6.6051889737366,17.153427801319054,30.938078425442225,63.06784184088,4430,5886,5627,18,16,22,8,8,10,5,4,4,38,36,33,31,27,26,24,24,25,28,21,11,0,0,0,51,36,31
MEX,2015,4,7557,6,118857272,2015-04-01,21.90944423003887,12.106993327094722,30,11,3,55,42,55,16,0,40,18.484603076557615,16.75983838636818,14.882986069495658,15.940172676059001,17.090469989784278,22.04579072912265,25.08781313874837,10.720809644447572,13.077893917778953,6.6051889737366,17.153427801319054,30.938078425442225,5827,4063,4870,22,18,16,10,8,8,3,5,4,42,38,36,34,31,27,35,24,24,22,28,21,0,0,0,42,51,36
MEX,2015,5,12139,10,118857272,2015-05-01,23.270192401958088,19.05015785944437,24,10,3,58,50,53,19,0,39,21.90944423003887,18.484603076557615,16.75983838636818,14.882986069495658,15.940172676059001,17.090469989784278,12.106993327094722,25.08781313874837,10.720809644447572,13.077893917778953,6.6051889737366,17.153427801319054,7557,5661,8214,30,22,18,11,10,8,3,3,5,55,42,38,42,34,31,55,35,24,16,22,28,0,0,0,40,42,51
MEX,2015,6,16524,14,118857272,2015-06-01,24.9829060799939,38.505248894008695,36,12,4,71,48,74,16,0,35,23.270192401958088,21.90944423003887,18.484603076557615,16.75983838636818,14.882986069495658,15.940172676059001,19.05015785944437,12.106993327094722,25.08781313874837,10.720809644447572,13.077893917778953,6.6051889737366,12139,10521,16155,24,30,22,10,11,10,3,3,3,58,55,42,50,42,34,53,55,35,19,16,22,0,0,0,39,40,42
MEX,2015,7,24883,21,118857272,2015-07-01,25.098677879521603,34.19352517285409,33,14,2,74,45,81,13,0,29,24.9829060799939,23.270192401958088,21.90944423003887,18.484603076557615,16.75983838636818,14.882986069495658,38.505248894008695,19.05015785944437,12.106993327094722,25.08781313874837,10.720809644447572,13.077893917778953,16524,10607,22908,36,24,30,12,10,11,4,3,3,71,58,55,48,50,42,74,53,55,16,19,16,0,0,0,35,39,40
MEX,2015,8,40985,34,118857272,2015-08-01,25.63422508502899,30.832062114537113,51,21,2,77,50,100,32,0,48,25.098677879521603,24.9829060799939,23.270192401958088,21.90944423003887,18.484603076557615,16.75983838636818,34.19352517285409,38.505248894008695,19.05015785944437,12.106993327094722,25.08781313874837,10.720809644447572,24883,14690,28887,33,36,24,14,12,10,2,4,3,74,71,58,45,48,50,81,74,53,13,16,19,0,0,0,29,35,39
MEX,2015,9,32542,27,118857272,2015-09-01,24.454158503129346,43.25181596355886,58,27,6,63,53,84,31,0,63,25.63422508502899,25.098677879521603,24.9829060799939,23.270192401958088,21.90944423003887,18.484603076557615,30.832062114537113,34.19352517285409,38.505248894008695,19.05015785944437,12.106993327094722,25.08781313874837,40985,15679,45155,51,33,36,21,14,12,2,2,4,77,74,71,50,45,48,100,81,74,32,13,16,0,0,0,48,29,35
MEX,2015,10,34165,29,118857272,2015-10-01,22.155980368164514,35.07663492640434,45,27,6,60,41,61,22,0,50,24.454158503129346,25.63422508502899,25.098677879521603,24.9829060799939,23.270192401958088,21.90944423003887,43.25181596355886,30.832062114537113,34.19352517285409,38.505248894008695,19.05015785944437,12.106993327094722,32542,23140,40127,58,51,33,27,21,14,6,2,2,63,77,74,53,50,45,84,100,81,31,32,13,0,0,0,63,48,29
MEX,2015,11,28984,24,118857272,2015-11-01,19.09307435010771,18.9345026688446,47,23,4,52,39,56,18,0,45,22.155980368164514,24.454158503129346,25.63422508502899,25.098677879521603,24.9829060799939,23.270192401958088,35.07663492640434,43.25181596355886,30.832062114537113,34.19352517285409,38.505248894008695,19.05015785944437,34165,19984,34226,45,58,51,27,27,21,6,6,2,60,63,77,41,53,50,61,84,100,22,31,32,0,0,0,50,63,48
MEX,2015,12,7839,7,118857272,2015-12-01,16.13296367038225,8.90457749538997,30,12,3,38,26,38,10,0,28,19.09307435010771,22.155980368164514,24.454158503129346,25.63422508502899,25.098677879521603,24.9829060799939,18.9345026688446,35.07663492640434,43.25181596355886,30.832062114537113,34.19352517285409,38.505248894008695,28984,4460,16495,47,45,58,23,27,27,4,6,6,52,60,63,39,41,53,56,61,84,18,22,31,0,0,0,45,50,63
MEX,2016,1,6584,5,120002150.4,2016-01-01,14.234939486221368,8.02566544148972,44,8,4,37,24,40,22,0,31,16.13296367038225,19.09307435010771,22.155980368164514,24.454158503129346,25.63422508502899,25.098677879521603,8.90457749538997,18.9345026688446,35.07663492640434,43.25181596355886,30.832062114537113,34.19352517285409,7839,3718,5190,30,47,45,12,23,27,3,4,6,38,52,60,26,39,41,38,56,61,10,18,22,0,0,0,28,45,50
MEX,2016,2,8033,7,120002150.4,2016-02-01,17.34905014392285,4.1838059422461,100,13,6,44,32,57,28,0,46,14.234939486221368,16.13296367038225,19.09307435010771,22.155980368164514,24.454158503129346,25.63422508502899,8.02566544148972,8.90457749538997,18.9345026688446,35.07663492640434,43.25181596355886,30.832062114537113,6584,4430,5062,44,30,47,8,12,23,4,3,4,37,38,52,24,26,39,40,38,56,22,10,18,0,0,0,31,28,45
MEX,2016,3,4970,4,120002150.4,2016-03-01,19.63709860845311,12.129328523730491,53,12,3,47,34,54,19,0,36,17.34905014392285,14.234939486221368,16.13296367038225,19.09307435010771,22.155980368164514,24.454158503129346,4.1838059422461,8.02566544148972,8.90457749538997,18.9345026688446,35.07663492640434,43.25181596355886,8033,5827,5886,100,44,30,13,8,12,6,4,3,44,37,38,32,24,26,57,40,38,28,22,10,0,0,0,46,31,28
MEX,2016,4,4301,4,120002150.4,2016-04-01,22.056848211379148,8.66221801864687,44,9,3,58,42,50,18,0,36,19.63709860845311,17.34905014392285,14.234939486221368,16.13296367038225,19.09307435010771,22.155980368164514,12.129328523730491,4.1838059422461,8.02566544148972,8.90457749538997,18.9345026688446,35.07663492640434,4970,7557,4063,53,100,44,12,13,8,3,6,4,47,44,37,34,32,24,54,57,40,19,28,22,0,0,0,36,46,31
MEX,2016,5,5579,5,120002150.4,2016-05-01,24.167979066311414,14.657184484311355,34,10,3,60,52,56,17,0,35,22.056848211379148,19.63709860845311,17.34905014392285,14.234939486221368,16.13296367038225,19.09307435010771,8.66221801864687,12.129328523730491,4.1838059422461,8.02566544148972,8.90457749538997,18.9345026688446,4301,12139,5661,44,53,100,9,12,13,3,3,6,58,47,44,42,34,32,50,54,57,18,19,28,0,0,0,36,36,46
MEX,2016,6,6570,5,120002150.4,2016-06-01,25.283054542653137,36.92462717700992,35,9,3,68,50,66,16,0,33,24.167979066311414,22.056848211379148,19.63709860845311,17.34905014392285,14.234939486221368,16.13296367038225,14.657184484311355,8.66221801864687,12.129328523730491,4.1838059422461,8.02566544148972,8.90457749538997,5579,16524,10521,34,44,53,10,9,12,3,3,3,60,58,47,52,42,34,56,50,54,17,18,19,0,0,0,35,36,36
MEX,2016,7,11830,10,120002150.4,2016-07-01,25.70383988926582,38.234957327676064,23,8,1,80,47,66,13,0,23,25.283054542653137,24.167979066311414,22.056848211379148,19.63709860845311,17.34905014392285,14.234939486221368,36.92462717700992,14.657184484311355,8.66221801864687,12.129328523730491,4.1838059422461,8.02566544148972,6570,24883,10607,35,34,44,9,10,9,3,3,3,68,60,58,50,52,42,66,56,50,16,17,18,0,0,0,33,35,36
MEX,2016,8,19942,17,120002150.4,2016-08-01,24.545637915936084,59.911853775153865,36,14,3,77,49,69,34,0,45,25.70383988926582,25.283054542653137,24.167979066311414,22.056848211379148,19.63709860845311,17.34905014392285,38.234957327676064,36.92462717700992,14.657184484311355,8.66221801864687,12.129328523730491,4.1838059422461,11830,40985,14690,23,35,34,8,9,10,1,3,3,80,68,60,47,50,52,66,66,56,13,16,17,0,0,0,23,33,35
MEX,2016,9,21066,18,120002150.4,2016-09-01,23.725577454092637,46.72543087474149,47,17,5,70,57,70,33,0,60,24.545637915936084,25.70383988926582,25.283054542653137,24.167979066311414,22.056848211379148,19.63709860845311,59.911853775153865,38.234957327676064,36.92462717700992,14.657184484311355,8.66221801864687,12.129328523730491,19942,32542,15679,36,23,35,14,8,9,3,1,3,77,80,68,49,47,50,69,66,66,34,13,16,0,0,0,45,23,33
MEX,2016,10,25411,21,120002150.4,2016-10-01,22.48352094196425,16.09298959266236,47,18,6,69,47,58,23,0,47,23.725577454092637,24.545637915936084,25.70383988926582,25.283054542653137,24.167979066311414,22.056848211379148,46.72543087474149,59.911853775153865,38.234957327676064,36.92462717700992,14.657184484311355,8.66221801864687,21066,34165,23140,47,36,23,17,14,8,5,3,1,70,77,80,57,49,47,70,69,66,33,34,13,0,0,0,60,45,23
MEX,2016,11,12479,10,120002150.4,2016-11-01,18.858381245396185,12.870426295599376,50,14,4,9,47,10,21,0,4,22.48352094196425,23.725577454092637,24.545637915936084,25.70383988926582,25.283054542653137,24.167979066311414,16.09298959266236,46.72543087474149,59.911853775153865,38.234957327676064,36.92462717700992,14.657184484311355,25411,28984,19984,47,47,36,18,17,14,6,5,3,69,70,77,47,57,49,58,70,69,23,33,34,0,0,0,47,60,45
MEX,2016,12,3304,3,120002150.4,2016-12-01,16.879816248557102,12.10986638700116,18,7,3,3,35,8,10,0,0,18.858381245396185,22.48352094196425,23.725577454092637,24.545637915936084,25.70383988926582,25.283054542653137,12.870426295599376,16.09298959266236,46.72543087474149,59.911853775153865,38.234957327676064,36.92462717700992,12479,7839,4460,50,47,47,14,18,17,4,6,5,9,69,70,47,47,57,10,58,70,21,23,33,0,0,0,4,47,60
MEX,2017,1,2471,2,121147028.8,2017-01-01,15.896701830533411,6.874355959482524,15,5,4,2,33,6,24,0,0,16.879816248557102,18.858381245396185,22.48352094196425,23.725577454092637,24.545637915936084,25.70383988926582,12.10986638700116,12.870426295599376,16.09298959266236,46.72543087474149,59.911853775153865,38.234957327676064,3304,6584,3718,18,50,47,7,14,18,3,4,6,3,9,69,35,47,47,8,10,58,10,21,23,0,0,0,0,4,47
MEX,2017,2,2133,2,121147028.8,2017-02-01,18.080081550455223,5.458701838928149,17,6,5,3,41,6,32,0,0,15.896701830533411,16.879816248557102,18.858381245396185,22.48352094196425,23.725577454092637,24.545637915936084,6.874355959482524,12.10986638700116,12.870426295599376,16.09298959266236,46.72543087474149,59.911853775153865,2471,8033,4430,15,18,50,5,7,14,4,3,4,2,3,9,33,35,47,6,8,10,24,10,21,0,0,0,0,0,4
MEX,2017,3,2557,2,121147028.8,2017-03-01,20.294947530940494,7.825698561609654,21,8,4,4,48,10,24,0,0,18.080081550455223,15.896701830533411,16.879816248557102,18.858381245396185,22.48352094196425,23.725577454092637,5.458701838928149,6.874355959482524,12.10986638700116,12.870426295599376,16.09298959266236,46.72543087474149,2133,4970,5827,17,15,18,6,5,7,5,4,3,3,2,3,41,33,35,6,6,8,32,24,10,0,0,0,0,0,0
MEX,2017,4,2742,2,121147028.8,2017-04-01,22.320800858748918,5.945980491347018,31,13,3,4,52,11,17,0,0,20.294947530940494,18.080081550455223,15.896701830533411,16.879816248557102,18.858381245396185,22.48352094196425,7.825698561609654,5.458701838928149,6.874355959482524,12.10986638700116,12.870426295599376,16.09298959266236,2557,4301,7557,21,17,15,8,6,5,4,5,4,4,3,2,48,41,33,10,6,6,24,32,24,0,0,0,0,0,0
MEX,2017,5,3102,3,121147028.8,2017-05-01,24.173966692738585,14.853879192921323,28,7,3,4,61,14,21,0,0,22.320800858748918,20.294947530940494,18.080081550455223,15.896701830533411,16.879816248557102,18.858381245396185,5.945980491347018,7.825698561609654,5.458701838928149,6.874355959482524,12.10986638700116,12.870426295599376,2742,5579,12139,31,21,17,13,8,6,3,4,5,4,4,3,52,48,41,11,10,6,17,24,32,0,0,0,0,0,0
MEX,2017,6,5220,4,121147028.8,2017-06-01,25.841132581622027,33.07261781663871,27,9,4,5,65,22,17,0,0,24.173966692738585,22.320800858748918,20.294947530940494,18.080081550455223,15.896701830533411,16.879816248557102,14.853879192921323,5.945980491347018,7.825698561609654,5.458701838928149,6.874355959482524,12.10986638700116,3102,6570,16524,28,31,21,7,13,8,3,3,4,4,4,4,61,52,48,14,11,10,21,17,24,0,0,0,0,0,0
MEX,2017,7,6566,5,121147028.8,2017-07-01,24.7745162274296,47.149195190835705,29,9,2,8,57,26,13,0,0,25.841132581622027,24.173966692738585,22.320800858748918,20.294947530940494,18.080081550455223,15.896701830533411,33.07261781663871,14.853879192921323,5.945980491347018,7.825698561609654,5.458701838928149,6.874355959482524,5220,11830,24883,27,28,31,9,7,13,4,3,3,5,4,4,65,61,52,22,14,11,17,21,17,0,0,0,0,0,0
MEX,2017,8,8840,7,121147028.8,2017-08-01,24.91263982620905,47.886136484472374,38,15,3,4,67,23,37,0,0,24.7745162274296,25.841132581622027,24.173966692738585,22.320800858748918,20.294947530940494,18.080081550455223,47.149195190835705,33.07261781663871,14.853879192921323,5.945980491347018,7.825698561609654,5.458701838928149,6566,19942,40985,29,27,28,9,9,7,2,4,3,8,5,4,57,65,61,26,22,14,13,17,21,0,0,0,0,0,0
MEX,2017,9,15600,13,121147028.8,2017-09-01,23.613803807937156,58.007723925540766,35,22,5,1,62,17,30,0,0,24.91263982620905,24.7745162274296,25.841132581622027,24.173966692738585,22.320800858748918,20.294947530940494,47.886136484472374,47.149195190835705,33.07261781663871,14.853879192921323,5.945980491347018,7.825698561609654,8840,21066,32542,38,29,27,15,9,9,3,2,4,4,8,5,67,57,65,23,26,22,37,13,17,0,0,0,0,0,0
MEX,2017,10,23525,19,121147028.8,2017-10-01,21.954821191525326,27.593552684526124,38,25,6,1,57,16,24,0,0,23.613803807937156,24.91263982620905,24.7745162274296,25.841132581622027,24.173966692738585,22.320800858748918,58.007723925540766,47.886136484472374,47.149195190835705,33.07261781663871,14.853879192921323,5.945980491347018,15600,25411,34165,35,38,29,22,15,9,5,3,2,1,4,8,62,67,57,17,23,26,30,37,13,0,0,0,0,0,0
MEX,2017,11,14141,12,121147028.8,2017-11-01,19.381864527316672,3.783532880516813,38,20,4,2,49,9,21,0,0,21.954821191525326,23.613803807937156,24.91263982620905,24.7745162274296,25.841132581622027,24.173966692738585,27.593552684526124,58.007723925540766,47.886136484472374,47.149195190835705,33.07261781663871,14.853879192921323,23525,12479,28984,38,35,38,25,22,15,6,5,3,1,1,4,57,62,67,16,17,23,24,30,37,0,0,0,0,0,0
MEX,2017,12,2996,2,121147028.8,2017-12-01,15.533588461393308,9.464597012249458,13,7,3,0,35,7,12,0,0,19.381864527316672,21.954821191525326,23.613803807937156,24.91263982620905,24.7745162274296,25.841132581622027,3.783532880516813,27.593552684526124,58.007723925540766,47.886136484472374,47.149195190835705,33.07261781663871,14141,3304,7839,38,38,35,20,25,22,4,6,5,2,1,1,49,57,62,9,16,17,21,24,30,0,0,0,0,0,0
MEX,2018,1,1295,1,122291907.2,2018-01-01,14.738603751724195,9.406538819641916,16,5,4,0,36,5,24,0,0,15.533588461393308,19.381864527316672,21.954821191525326,23.613803807937156,24.91263982620905,24.7745162274296,9.464597012249458,3.783532880516813,27.593552684526124,58.007723925540766,47.886136484472374,47.149195190835705,2996,2471,6584,13,38,38,7,20,25,3,4,6,0,2,1,35,49,57,7,9,16,12,21,24,0,0,0,0,0,0
MEX,2018,2,1493,1,122291907.2,2018-02-01,18.08915611321601,8.06396798355298,16,6,4,5,43,7,30,0,0,14.738603751724195,15.533588461393308,19.381864527316672,21.954821191525326,23.613803807937156,24.91263982620905,9.406538819641916,9.464597012249458,3.783532880516813,27.593552684526124,58.007723925540766,47.886136484472374,1295,2133,8033,16,13,38,5,7,20,4,3,4,0,0,2,36,35,49,5,7,9,24,12,21,0,0,0,0,0,0
MEX,2018,3,1670,1,122291907.2,2018-03-01,20.21021704809084,4.655613363637684,27,9,3,11,51,15,23,0,0,18.08915611321601,14.738603751724195,15.533588461393308,19.381864527316672,21.954821191525326,23.613803807937156,8.06396798355298,9.406538819641916,9.464597012249458,3.783532880516813,27.593552684526124,58.007723925540766,1493,2557,4970,16,16,13,6,5,7,4,4,3,5,0,0,43,36,35,7,5,7,30,24,12,0,0,0,0,0,0
MEX,2018,4,2478,2,122291907.2,2018-04-01,22.226984475944576,10.510204696228266,25,7,3,16,58,14,21,0,0,20.21021704809084,18.08915611321601,14.738603751724195,15.533588461393308,19.381864527316672,21.954821191525326,4.655613363637684,8.06396798355298,9.406538819641916,9.464597012249458,3.783532880516813,27.593552684526124,1670,2742,4301,27,16,16,9,6,5,3,4,4,11,5,0,51,43,36,15,7,5,23,30,24,0,0,0,0,0,0
MEX,2018,5,2696,2,122291907.2,2018-05-01,24.673177321298198,13.469282621072614,27,8,3,15,63,23,22,0,0,22.226984475944576,20.21021704809084,18.08915611321601,14.738603751724195,15.533588461393308,19.381864527316672,10.510204696228266,4.655613363637684,8.06396798355298,9.406538819641916,9.464597012249458,3.783532880516813,2478,3102,5579,25,27,16,7,9,6,3,3,4,16,11,5,58,51,43,14,15,7,21,23,30,0,0,0,0,0,0
MEX,2018,6,4372,4,122291907.2,2018-06-01,25.44728358348051,41.67933095923951,19,8,3,16,60,28,18,0,0,24.673177321298198,22.226984475944576,20.21021704809084,18.08915611321601,14.738603751724195,15.533588461393308,13.469282621072614,10.510204696228266,4.655613363637684,8.06396798355298,9.406538819641916,9.464597012249458,2696,5220,6570,27,25,27,8,7,9,3,3,3,15,16,11,63,58,51,23,14,15,22,21,23,0,0,0,0,0,0
MEX,2018,7,6204,5,122291907.2,2018-07-01,25.578368316186413,28.57201945857752,22,8,1,25,61,42,16,0,0,25.44728358348051,24.673177321298198,22.226984475944576,20.21021704809084,18.08915611321601,14.738603751724195,41.67933095923951,13.469282621072614,10.510204696228266,4.655613363637684,8.06396798355298,9.406538819641916,4372,6566,11830,19,27,25,8,8,7,3,3,3,16,15,16,60,63,58,28,23,14,18,22,21,0,0,0,0,0,0
MEX,2018,8,6776,6,122291907.2,2018-08-01,24.836319096329863,41.90414457242026,32,11,3,26,72,28,38,0,0,25.578368316186413,25.44728358348051,24.673177321298198,22.226984475944576,20.21021704809084,18.08915611321601,28.57201945857752,41.67933095923951,13.469282621072614,10.510204696228266,4.655613363637684,8.06396798355298,6204,8840,19942,22,19,27,8,8,8,1,3,3,25,16,15,61,60,63,42,28,23,16,18,22,0,0,0,0,0,0
MEX,2018,9,17064,14,122291907.2,2018-09-01,23.60884486598427,51.676271930173726,41,17,6,22,66,14,35,0,0,24.836319096329863,25.578368316186413,25.44728358348051,24.673177321298198,22.226984475944576,20.21021704809084,41.90414457242026,28.57201945857752,41.67933095923951,13.469282621072614,10.510204696228266,4.655613363637684,6776,15600,21066,32,22,19,11,8,8,3,1,3,26,25,16,72,61,60,28,42,28,38,16,18,0,0,0,0,0,0
MEX,2018,10,18356,15,122291907.2,2018-10-01,20.92628404826873,42.94373832818887,38,21,5,16,61,9,26,0,0,23.60884486598427,24.836319096329863,25.578368316186413,25.44728358348051,24.673177321298198,22.226984475944576,51.676271930173726,41.90414457242026,28.57201945857752,41.67933095923951,13.469282621072614,10.510204696228266,17064,23525,25411,41,32,22,17,11,8,6,3,1,22,26,25,66,72,61,14,28,42,35,38,16,0,0,0,0,0,0
MEX,2018,11,11614,9,122291907.2,2018-11-01,17.3017332175185,13.007481558359787,22,14,4,16,46,8,21,0,1,20.92628404826873,23.60884486598427,24.836319096329863,25.578368316186413,25.44728358348051,24.673177321298198,42.94373832818887,51.676271930173726,41.90414457242026,28.57201945857752,41.67933095923951,13.469282621072614,18356,14141,12479,38,41,32,21,17,11,5,6,3,16,22,26,61,66,72,9,14,28,26,35,38,0,0,0,0,0,0
MEX,2018,12,4603,4,122291907.2,2018-12-01,15.212239146601345,8.7835905898098,15,8,3,11,34,8,11,0,1,17.3017332175185,20.92628404826873,23.60884486598427,24.836319096329863,25.578368316186413,25.44728358348051,13.007481558359787,42.94373832818887,51.676271930173726,41.90414457242026,28.57201945857752,41.67933095923951,11614,2996,3304,22,38,41,14,21,17,4,5,6,16,16,22,46,61,66,8,9,14,21,26,35,0,0,0,1,0,0
MEX,2019,1,3201,3,123436785.6,2019-01-01,15.287279671005845,7.441459250554246,12,6,5,13,37,7,23,0,1,15.212239146601345,17.3017332175185,20.92628404826873,23.60884486598427,24.836319096329863,25.578368316186413,8.7835905898098,13.007481558359787,42.94373832818887,51.676271930173726,41.90414457242026,28.57201945857752,4603,1295,2471,15,22,38,8,14,21,3,4,5,11,16,16,34,46,61,8,8,9,11,21,26,0,0,0,1,1,0
MEX,2019,2,3137,3,123436785.6,2019-02-01,17.424434022206274,5.1302297799667045,15,6,5,15,46,7,28,0,1,15.287279671005845,15.212239146601345,17.3017332175185,20.92628404826873,23.60884486598427,24.836319096329863,7.441459250554246,8.7835905898098,13.007481558359787,42.94373832818887,51.676271930173726,41.90414457242026,3201,1493,2133,12,15,22,6,8,14,5,3,4,13,11,16,37,34,46,7,8,8,23,11,21,0,0,0,1,1,1
MEX,2019,3,4243,3,123436785.6,2019-03-01,19.355394503843375,6.909302796944018,14,7,4,15,53,9,22,0,1,17.424434022206274,15.287279671005845,15.212239146601345,17.3017332175185,20.92628404826873,23.60884486598427,5.1302297799667045,7.441459250554246,8.7835905898098,13.007481558359787,42.94373832818887,51.676271930173726,3137,1670,2557,15,12,15,6,6,8,5,5,3,15,13,11,46,37,34,7,7,8,28,23,11,0,0,0,1,1,1
MEX,2019,4,3094,3,123436785.6,2019-04-01,21.859591725882463,3.3754794695103985,43,10,4,13,60,11,16,0,1,19.355394503843375,17.424434022206274,15.287279671005845,15.212239146601345,17.3017332175185,20.92628404826873,6.909302796944018,5.1302297799667045,7.441459250554246,8.7835905898098,13.007481558359787,42.94373832818887,4243,2478,2742,14,15,12,7,6,6,4,5,5,15,15,13,53,46,37,9,7,7,22,28,23,0,0,0,1,1,1
MEX,2019,5,5160,4,123436785.6,2019-05-01,23.99158800493543,10.182522881336897,19,10,4,13,65,11,20,0,1,21.859591725882463,19.355394503843375,17.424434022206274,15.287279671005845,15.212239146601345,17.3017332175185,3.3754794695103985,6.909302796944018,5.1302297799667045,7.441459250554246,8.7835905898098,13.007481558359787,3094,2696,3102,43,14,15,10,7,6,4,4,5,13,15,15,60,53,46,11,9,7,16,22,28,0,0,0,1,1,1
MEX,2019,6,11075,9,123436785.6,2019-06-01,25.669240556448997,27.933050055117082,25,11,3,19,69,15,19,0,1,23.99158800493543,21.859591725882463,19.355394503843375,17.424434022206274,15.287279671005845,15.212239146601345,10.182522881336897,3.3754794695103985,6.909302796944018,5.1302297799667045,7.441459250554246,8.7835905898098,5160,4372,5220,19,43,14,10,10,7,4,4,4,13,13,15,65,60,53,11,11,9,20,16,22,0,0,0,1,1,1
MEX,2019,7,14300,12,123436785.6,2019-07-01,25.541230034297822,32.888665001597346,20,14,2,24,69,17,14,0,1,25.669240556448997,23.99158800493543,21.859591725882463,19.355394503843375,17.424434022206274,15.287279671005845,27.933050055117082,10.182522881336897,3.3754794695103985,6.909302796944018,5.1302297799667045,7.441459250554246,11075,6204,6566,25,19,43,11,10,10,3,4,4,19,13,13,69,65,60,15,11,11,19,20,16,0,0,0,1,1,1
MEX,2019,8,30067,24,123436785.6,2019-08-01,26.09244680717652,32.25486574072438,40,36,3,24,77,16,36,0,1,25.541230034297822,25.669240556448997,23.99158800493543,21.859591725882463,19.355394503843375,17.424434022206274,32.888665001597346,27.933050055117082,10.182522881336897,3.3754794695103985,6.909302796944018,5.1302297799667045,14300,6776,8840,20,25,19,14,11,10,2,3,4,24,19,13,69,69,65,17,15,11,14,19,20,0,0,0,1,1,1
MEX,2019,9,71639,58,123436785.6,2019-09-01,24.147579379694083,48.73067941628966,72,92,5,25,80,14,32,0,0,26.09244680717652,25.541230034297822,25.669240556448997,23.99158800493543,21.859591725882463,19.355394503843375,32.25486574072438,32.888665001597346,27.933050055117082,10.182522881336897,3.3754794695103985,6.909302796944018,30067,17064,15600,40,20,25,36,14,11,3,2,3,24,24,19,77,69,69,16,17,15,36,14,19,0,0,0,1,1,1
MEX,2019,10,67906,55,123436785.6,2019-10-01,21.93230465715019,37.38101345221285,88,100,6,22,67,14,24,100,1,24.147579379694083,26.09244680717652,25.541230034297822,25.669240556448997,23.99158800493543,21.859591725882463,48.73067941628966,32.25486574072438,32.888665001597346,27.933050055117082,10.182522881336897,3.3754794695103985,71639,18356,23525,72,40,20,92,36,14,5,3,2,25,24,24,80,77,69,14,16,17,32,36,14,0,0,0,0,1,1
MEX,2019,11,37623,30,123436785.6,2019-11-01,18.7544537123732,22.743422675884684,42,57,3,17,54,11,22,0,1,21.93230465715019,24.147579379694083,26.09244680717652,25.541230034297822,25.669240556448997,23.99158800493543,37.38101345221285,48.73067941628966,32.25486574072438,32.888665001597346,27.933050055117082,10.182522881336897,67906,11614,14141,88,72,40,100,92,36,6,5,3,22,25,24,67,80,77,14,14,16,24,32,36,100,0,0,1,0,1
MEX,2019,12,17013,14,123436785.6,2019-12-01,15.934143579133506,8.409157038833081,20,28,2,15,44,10,11,0,0,18.7544537123732,21.93230465715019,24.147579379694083,26.09244680717652,25.541230034297822,25.669240556448997,22.743422675884684,37.38101345221285,48.73067941628966,32.25486574072438,32.888665001597346,27.933050055117082,37623,4603,2996,42,88,72,57,100,92,3,6,5,17,22,25,54,67,80,11,14,14,22,24,32,0,100,0,1,1,0
MEX,2020,1,8146,7,124581664,2020-01-01,15.78847227912476,9.703906218398464,17,17,7,12,39,8,23,0,1,15.934143579133506,18.7544537123732,21.93230465715019,24.147579379694083,26.09244680717652,25.541230034297822,8.409157038833081,22.743422675884684,37.38101345221285,48.73067941628966,32.25486574072438,32.888665001597346,17013,3201,1295,20,42,88,28,57,100,2,3,6,15,17,22,44,54,67,10,11,14,11,22,24,0,0,100,0,1,1
MEX,2020,2,6379,5,124581664,2020-02-01,16.98666575147549,9.018947589212903,23,14,12,16,54,7,31,0,1,15.78847227912476,15.934143579133506,18.7544537123732,21.93230465715019,24.147579379694083,26.09244680717652,9.703906218398464,8.409157038833081,22.743422675884684,37.38101345221285,48.73067941628966,32.25486574072438,8146,3137,1493,17,20,42,17,28,57,7,2,3,12,15,17,39,44,54,8,10,11,23,11,22,0,0,0,1,0,1
MEX,2020,3,5796,5,124581664,2020-03-01,20.37586600137156,8.773696767542319,17,16,49,17,61,13,32,0,2,16.98666575147549,15.78847227912476,15.934143579133506,18.7544537123732,21.93230465715019,24.147579379694083,9.018947589212903,9.703906218398464,8.409157038833081,22.743422675884684,37.38101345221285,48.73067941628966,6379,4243,1670,23,17,20,14,17,28,12,7,2,16,12,15,54,39,44,7,8,10,31,23,11,0,0,0,1,1,0
MEX,2020,4,2620,2,124581664,2020-04-01,23.045435792635548,4.97847254848651,24,11,31,26,77,15,25,0,5,20.37586600137156,16.98666575147549,15.78847227912476,15.934143579133506,18.7544537123732,21.93230465715019,8.773696767542319,9.018947589212903,9.703906218398464,8.409157038833081,22.743422675884684,37.38101345221285,5796,3094,2478,17,23,17,16,14,17,49,12,7,17,16,12,61,54,39,13,7,8,32,31,23,0,0,0,2,1,1
MEX,2020,5,5544,4,124581664,2020-05-01,24.780361166906843,15.722684289044707,21,16,20,25,84,19,24,0,6,23.045435792635548,20.37586600137156,16.98666575147549,15.78847227912476,15.934143579133506,18.7544537123732,4.97847254848651,8.773696767542319,9.018947589212903,9.703906218398464,8.409157038833081,22.743422675884684,2620,5160,2696,24,17,23,11,16,14,31,49,12,26,17,16,77,61,54,15,13,7,25,32,31,0,0,0,5,2,1
MEX,2020,6,7842,6,124581664,2020-06-01,25.599994189991413,33.51782384694764,37,34,15,18,88,22,18,0,6,24.780361166906843,23.045435792635548,20.37586600137156,16.98666575147549,15.78847227912476,15.934143579133506,15.722684289044707,4.97847254848651,8.773696767542319,9.018947589212903,9.703906218398464,8.409157038833081,5544,11075,4372,21,24,17,16,11,16,20,31,49,25,26,17,84,77,61,19,15,13,24,25,32,0,0,0,6,5,2
MEX,2020,7,8648,7,124581664,2020-07-01,25.74356626788147,44.676627630609396,26,49,9,25,92,26,16,0,4,25.599994189991413,24.780361166906843,23.045435792635548,20.37586600137156,16.98666575147549,15.78847227912476,33.51782384694764,15.722684289044707,4.97847254848651,8.773696767542319,9.018947589212903,9.703906218398464,7842,14300,6204,37,21,24,34,16,11,15,20,31,18,25,26,88,84,77,22,19,15,18,24,25,0,0,0,6,6,5
MEX,2020,8,13386,11,124581664,2020-08-01,25.912024368795084,39.739470866725306,34,37,7,23,77,25,24,0,6,25.74356626788147,25.599994189991413,24.780361166906843,23.045435792635548,20.37586600137156,16.98666575147549,44.676627630609396,33.51782384694764,15.722684289044707,4.97847254848651,8.773696767542319,9.018947589212903,8648,30067,6776,26,37,21,49,34,16,9,15,20,25,18,25,92,88,84,26,22,19,16,18,24,0,0,0,4,6,6
MEX,2020,9,17191,14,124581664,2020-09-01,23.88502893792761,48.088971969158436,34,43,9,28,76,24,35,0,11,25.912024368795084,25.74356626788147,25.599994189991413,24.780361166906843,23.045435792635548,20.37586600137156,39.739470866725306,44.676627630609396,33.51782384694764,15.722684289044707,4.97847254848651,8.773696767542319,13386,71639,17064,34,26,37,37,49,34,7,9,15,23,25,18,77,92,88,25,26,22,24,16,18,0,0,0,6,4,6
MEX,2020,10,24080,19,124581664,2020-10-01,22.3928695520566,16.989230303956326,41,58,13,57,66,25,28,0,11,23.88502893792761,25.912024368795084,25.74356626788147,25.599994189991413,24.780361166906843,23.045435792635548,48.088971969158436,39.739470866725306,44.676627630609396,33.51782384694764,15.722684289044707,4.97847254848651,17191,67906,18356,34,34,26,43,37,49,9,7,9,28,23,25,76,77,92,24,25,26,35,24,16,0,0,0,11,6,4
MEX,2020,11,17452,14,124581664,2020-11-01,19.474799243763968,11.637313013617543,26,39,7,47,55,17,21,0,10,22.3928695520566,23.88502893792761,25.912024368795084,25.74356626788147,25.599994189991413,24.780361166906843,16.989230303956326,48.088971969158436,39.739470866725306,44.676627630609396,33.51782384694764,15.722684289044707,24080,37623,11614,41,34,34,58,43,37,13,9,7,57,28,23,66,76,77,25,24,25,28,35,24,0,0,0,11,11,6
MEX,2020,12,3555,3,124581664,2020-12-01,15.10112669855405,6.439958980907371,21,18,5,36,45,13,16,0,9,19.474799243763968,22.3928695520566,23.88502893792761,25.912024368795084,25.74356626788147,25.599994189991413,11.637313013617543,16.989230303956326,48.088971969158436,39.739470866725306,44.676627630609396,33.51782384694764,17452,17013,4603,26,41,34,39,58,43,7,13,9,47,57,28,55,66,76,17,25,24,21,28,35,0,0,0,10,11,11
MEX,2021,1,1657,1,125426929.6,2021-01-01,15.111867949710676,8.916773883432203,21,11,6,39,48,11,19,0,10,15.10112669855405,19.474799243763968,22.3928695520566,23.88502893792761,25.912024368795084,25.74356626788147,6.439958980907371,11.637313013617543,16.989230303956326,48.088971969158436,39.739470866725306,44.676627630609396,3555,8146,3201,21,26,41,18,39,58,5,7,13,36,47,57,45,55,66,13,17,25,16,21,28,0,0,0,9,10,11
MEX,2021,2,1132,1,125426929.6,2021-02-01,16.87949745697217,4.2455469907435965,12,7,6,47,52,17,27,0,23,15.111867949710676,15.10112669855405,19.474799243763968,22.3928695520566,23.88502893792761,25.912024368795084,8.916773883432203,6.439958980907371,11.637313013617543,16.989230303956326,48.088971969158436,39.739470866725306,1657,6379,3137,21,21,26,11,18,39,6,5,7,39,36,47,48,45,55,11,13,17,19,16,21,0,0,0,10,9,10
MEX,2021,3,1132,1,125426929.6,2021-03-01,19.436425471715648,3.0496064642715965,24,7,6,57,69,30,24,0,25,16.87949745697217,15.111867949710676,15.10112669855405,19.474799243763968,22.3928695520566,23.88502893792761,4.2455469907435965,8.916773883432203,6.439958980907371,11.637313013617543,16.989230303956326,48.088971969158436,1132,5796,4243,12,21,21,7,11,18,6,6,5,47,39,36,52,48,45,17,11,13,27,19,16,0,0,0,23,10,9
MEX,2021,4,1489,1,125426929.6,2021-04-01,22.406304530262048,4.848066252389588,22,7,4,60,70,40,18,0,18,19.436425471715648,16.87949745697217,15.111867949710676,15.10112669855405,19.474799243763968,22.3928695520566,3.0496064642715965,4.2455469907435965,8.916773883432203,6.439958980907371,11.637313013617543,16.989230303956326,1132,2620,3094,24,12,21,7,7,11,6,6,6,57,47,39,69,52,48,30,17,11,24,27,19,0,0,0,25,23,10
MEX,2021,5,2656,2,125426929.6,2021-05-01,24.1785942160427,17.034789772134907,38,9,5,69,71,62,19,0,16,22.406304530262048,19.436425471715648,16.87949745697217,15.111867949710676,15.10112669855405,19.474799243763968,4.848066252389588,3.0496064642715965,4.2455469907435965,8.916773883432203,6.439958980907371,11.637313013617543,1489,5544,5160,22,24,12,7,7,7,4,6,6,60,57,47,70,69,52,40,30,17,18,24,27,0,0,0,18,25,23
MEX,2021,6,3222,3,125426929.6,2021-06-01,25.249623043069995,46.968107958265264,21,10,6,89,80,52,18,0,13,24.1785942160427,22.406304530262048,19.436425471715648,16.87949745697217,15.111867949710676,15.10112669855405,17.034789772134907,4.848066252389588,3.0496064642715965,4.2455469907435965,8.916773883432203,6.439958980907371,2656,7842,11075,38,22,24,9,7,7,5,4,6,69,60,57,71,70,69,62,40,30,19,18,24,0,0,0,16,18,25
MEX,2021,7,4000,3,125426929.6,2021-07-01,24.595121306581202,48.274643932299334,15,16,3,98,93,84,17,0,9,25.249623043069995,24.1785942160427,22.406304530262048,19.436425471715648,16.87949745697217,15.111867949710676,46.968107958265264,17.034789772134907,4.848066252389588,3.0496064642715965,4.2455469907435965,8.916773883432203,3222,8648,14300,21,38,22,10,9,7,6,5,4,89,69,60,80,71,70,52,62,40,18,19,18,0,0,0,13,16,18
MEX,2021,8,4186,3,125426929.6,2021-08-01,24.724290565794448,54.28708691904709,18,16,3,100,89,79,26,0,16,24.595121306581202,25.249623043069995,24.1785942160427,22.406304530262048,19.436425471715648,16.87949745697217,48.274643932299334,46.968107958265264,17.034789772134907,4.848066252389588,3.0496064642715965,4.2455469907435965,4000,13386,30067,15,21,38,16,10,9,3,6,5,98,89,69,93,80,71,84,52,62,17,18,19,0,0,0,9,13,16
MEX,2021,9,3556,3,125426929.6,2021-09-01,23.95615645540565,44.081436056634985,17,11,6,76,79,49,32,0,25,24.724290565794448,24.595121306581202,25.249623043069995,24.1785942160427,22.406304530262048,19.436425471715648,54.28708691904709,48.274643932299334,46.968107958265264,17.034789772134907,4.848066252389588,3.0496064642715965,4186,17191,71639,18,15,21,16,16,10,3,3,6,100,98,89,89,93,80,79,84,52,26,17,18,0,0,0,16,9,13
MEX,2021,10,7029,6,125426929.6,2021-10-01,22.132745802189092,22.67939611608553,19,12,7,64,76,44,23,0,18,23.95615645540565,24.724290565794448,24.595121306581202,25.249623043069995,24.1785942160427,22.406304530262048,44.081436056634985,54.28708691904709,48.274643932299334,46.968107958265264,17.034789772134907,4.848066252389588,3556,24080,67906,17,18,15,11,16,16,6,3,3,76,100,98,79,89,93,49,79,84,32,26,17,0,0,0,25,16,9
MEX,2021,11,4431,4,125426929.6,2021-11-01,18.637895924302445,7.994143007891502,21,10,5,55,62,36,21,0,21,22.132745802189092,23.95615645540565,24.724290565794448,24.595121306581202,25.249623043069995,24.1785942160427,22.67939611608553,44.081436056634985,54.28708691904709,48.274643932299334,46.968107958265264,17.034789772134907,7029,17452,37623,19,17,18,12,11,16,7,6,3,64,76,100,76,79,89,44,49,79,23,32,26,0,0,0,18,25,16
MEX,2021,12,2252,2,125426929.6,2021-12-01,17.58891892358404,6.775970333157716,12,8,3,44,51,28,12,0,15,18.637895924302445,22.132745802189092,23.95615645540565,24.724290565794448,24.595121306581202,25.249623043069995,7.994143007891502,22.67939611608553,44.081436056634985,54.28708691904709,48.274643932299334,46.968107958265264,4431,3555,17013,21,19,17,10,12,11,5,7,6,55,64,76,62,76,79,36,44,49,21,23,32,0,0,0,21,18,25
MEX,2022,1,1275,1,126272195.2,2022-01-01,15.435169389473256,6.9467374197319955,13,9,5,46,53,25,23,0,19,17.58891892358404,18.637895924302445,22.132745802189092,23.95615645540565,24.724290565794448,24.595121306581202,6.775970333157716,7.994143007891502,22.67939611608553,44.081436056634985,54.28708691904709,48.274643932299334,2252,1657,8146,12,21,19,8,10,12,3,5,7,44,55,64,51,62,76,28,36,44,12,21,23,0,0,0,15,21,18
MEX,2022,2,944,1,126272195.2,2022-02-01,15.885657635830807,6.280611676238118,15,6,5,45,59,28,36,0,37,15.435169389473256,17.58891892358404,18.637895924302445,22.132745802189092,23.95615645540565,24.724290565794448,6.9467374197319955,6.775970333157716,7.994143007891502,22.67939611608553,44.081436056634985,54.28708691904709,1275,1132,6379,13,12,21,9,8,10,5,3,5,46,44,55,53,51,62,25,28,36,23,12,21,0,0,0,19,15,21
MEX,2022,3,1243,1,126272195.2,2022-03-01,19.02438105692716,2.858589850935858,18,7,5,54,64,29,30,0,33,15.885657635830807,15.435169389473256,17.58891892358404,18.637895924302445,22.132745802189092,23.95615645540565,6.280611676238118,6.9467374197319955,6.775970333157716,7.994143007891502,22.67939611608553,44.081436056634985,944,1132,5796,15,13,12,6,9,8,5,5,3,45,46,44,59,53,51,28,25,28,36,23,12,0,0,0,37,19,15
MEX,2022,4,1630,1,126272195.2,2022-04-01,22.796967877498695,6.344586572480013,25,6,4,58,71,38,20,0,26,19.02438105692716,15.885657635830807,15.435169389473256,17.58891892358404,18.637895924302445,22.132745802189092,2.858589850935858,6.280611676238118,6.9467374197319955,6.775970333157716,7.994143007891502,22.67939611608553,1243,1489,2620,18,15,13,7,6,9,5,5,5,54,45,46,64,59,53,29,28,25,30,36,23,0,0,0,33,37,19
MEX,2022,5,3414,3,126272195.2,2022-05-01,25.175079577766034,9.286872507645887,26,8,5,67,71,54,24,0,41,22.796967877498695,19.02438105692716,15.885657635830807,15.435169389473256,17.58891892358404,18.637895924302445,6.344586572480013,2.858589850935858,6.280611676238118,6.9467374197319955,6.775970333157716,7.994143007891502,1630,2656,5544,25,18,15,6,7,6,4,5,5,58,54,45,71,64,59,38,29,28,20,30,36,0,0,0,26,33,37
MEX,2022,6,4336,3,126272195.2,2022-06-01,25.35136144298409,33.96679902052009,25,10,4,78,83,49,18,0,35,25.175079577766034,22.796967877498695,19.02438105692716,15.885657635830807,15.435169389473256,17.58891892358404,9.286872507645887,6.344586572480013,2.858589850935858,6.280611676238118,6.9467374197319955,6.775970333157716,3414,3222,7842,26,25,18,8,6,7,5,4,5,67,58,54,71,71,64,54,38,29,24,20,30,0,0,0,41,26,33
MEX,2022,7,5474,4,126272195.2,2022-07-01,25.52795618317815,36.9115462713853,18,14,2,94,90,86,16,0,26,25.35136144298409,25.175079577766034,22.796967877498695,19.02438105692716,15.885657635830807,15.435169389473256,33.96679902052009,9.286872507645887,6.344586572480013,2.858589850935858,6.280611676238118,6.9467374197319955,4336,4000,8648,25,26,25,10,8,6,4,5,4,78,67,58,83,71,71,49,54,38,18,24,20,0,0,0,35,41,26
MEX,2022,8,6006,5,126272195.2,2022-08-01,24.53676258202617,57.304379726429154,22,14,3,89,87,87,33,0,38,25.52795618317815,25.35136144298409,25.175079577766034,22.796967877498695,19.02438105692716,15.885657635830807,36.9115462713853,33.96679902052009,9.286872507645887,6.344586572480013,2.858589850935858,6.280611676238118,5474,4186,13386,18,25,26,14,10,8,2,4,5,94,78,67,90,83,71,86,49,54,16,18,24,0,0,0,26,35,41
MEX,2022,9,9556,8,126272195.2,2022-09-01,23.27231060674627,55.953316779995426,33,19,5,89,91,88,33,0,50,24.53676258202617,25.52795618317815,25.35136144298409,25.175079577766034,22.796967877498695,19.02438105692716,57.304379726429154,36.9115462713853,33.96679902052009,9.286872507645887,6.344586572480013,2.858589850935858,6006,3556,17191,22,18,25,14,14,10,3,2,4,89,94,78,87,90,83,87,86,49,33,16,18,0,0,0,38,26,35
MEX,2022,10,14309,11,126272195.2,2022-10-01,20.891465029018693,24.46493740749624,24,21,7,72,79,67,26,0,46,23.27231060674627,24.53676258202617,25.52795618317815,25.35136144298409,25.175079577766034,22.796967877498695,55.953316779995426,57.304379726429154,36.9115462713853,33.96679902052009,9.286872507645887,6.344586572480013,9556,7029,24080,33,22,18,19,14,14,5,3,2,89,89,94,91,87,90,88,87,86,33,33,16,0,0,0,50,38,26
MEX,2022,11,8114,6,126272195.2,2022-11-01,17.68052440270647,9.259164579967681,19,17,5,56,69,41,24,0,41,20.891465029018693,23.27231060674627,24.53676258202617,25.52795618317815,25.35136144298409,25.175079577766034,24.46493740749624,55.953316779995426,57.304379726429154,36.9115462713853,33.96679902052009,9.286872507645887,14309,4431,17452,24,33,22,21,19,14,7,5,3,72,89,89,79,91,87,67,88,87,26,33,33,0,0,0,46,50,38
MEX,2022,12,3617,3,126272195.2,2022-12-01,16.002112598879286,6.494747734206764,15,10,2,36,52,32,13,0,36,17.68052440270647,20.891465029018693,23.27231060674627,24.53676258202617,25.52795618317815,25.35136144298409,9.259164579967681,24.46493740749624,55.953316779995426,57.304379726429154,36.9115462713853,33.96679902052009,8114,2252,3555,19,24,33,17,21,19,5,7,5,56,72,89,69,79,91,41,67,88,24,26,33,0,0,0,41,46,50
