geo,origin_week,calendar_week,model,predictor,processing,max_lag,train_n,reporting_lag,n_leads,R2,MAPE
BR,2017-12-24,2018-01-21,ar,NA,processed,3,156,4,4,-17.634251740180872,61.77937478829699
BR,2017-12-24,2018-01-21,ar,NA,raw,3,156,4,4,-17.634251740180872,61.77937478829699
BR,2017-12-24,2018-01-21,arx,dengue,processed,3,156,4,4,-23.233861076723638,70.13555329105935
BR,2017-12-24,2018-01-21,arx,dengue,raw,3,156,4,4,-19.006055824084452,63.90492497703488
BR,2017-12-24,2018-01-21,arx,mosquito,processed,3,156,4,4,-19.796289007071522,65.13074853329886
BR,2017-12-24,2018-01-21,arx,mosquito,raw,3,156,4,4,-18.109743380659832,62.54804940640586
BR,2017-12-24,2018-01-21,arx,sintomas_de_dengue,processed,3,156,4,4,-18.485705841061446,63.11232770430622
BR,2017-12-24,2018-01-21,arx,sintomas_de_dengue,raw,3,156,4,4,-17.7542323285318,61.972169795223984
BR,2017-12-31,2018-01-28,ar,NA,processed,3,157,4,4,-13.264388599110067,31.164829107973542
BR,2017-12-31,2018-01-28,ar,NA,raw,3,157,4,4,-13.264388599110067,31.164829107973542
BR,2017-12-31,2018-01-28,arx,dengue,processed,3,157,4,4,-13.541119710600801,31.483686637413854
BR,2017-12-31,2018-01-28,arx,dengue,raw,3,157,4,4,-15.758447062982828,34.10508494944033
BR,2017-12-31,2018-01-28,arx,mosquito,processed,3,157,4,4,-8.794449287512183,25.518993610881825
BR,2017-12-31,2018-01-28,arx,mosquito,raw,3,157,4,4,-13.631164297936776,31.628009906722752
BR,2017-12-31,2018-01-28,arx,sintomas_de_dengue,processed,3,157,4,4,-11.71629775384269,29.34981007340836
BR,2017-12-31,2018-01-28,arx,sintomas_de_dengue,raw,3,157,4,4,-13.263330625252458,31.16170838362496
BR,2018-01-07,2018-02-04,ar,NA,processed,3,158,4,4,-25.66259765862958,20.89569080270797
BR,2018-01-07,2018-02-04,ar,NA,raw,3,158,4,4,-25.66259765862958,20.89569080270797
BR,2018-01-07,2018-02-04,arx,dengue,processed,3,158,4,4,-22.215886936524722,19.21375378195995
BR,2018-01-07,2018-02-04,arx,dengue,raw,3,158,4,4,-28.834255492666273,22.47250216322023
BR,2018-01-07,2018-02-04,arx,mosquito,processed,3,158,4,4,-16.313911057588687,16.456051742930217
BR,2018-01-07,2018-02-04,arx,mosquito,raw,3,158,4,4,-25.658168397743022,20.898491614351396
BR,2018-01-07,2018-02-04,arx,sintomas_de_dengue,processed,3,158,4,4,-22.963758231945235,20.08101962650408
BR,2018-01-07,2018-02-04,arx,sintomas_de_dengue,raw,3,158,4,4,-25.41599349616306,20.767132852026847
BR,2018-01-14,2018-02-11,ar,NA,processed,3,159,4,4,-1.0948017305667919,4.948983072659932
BR,2018-01-14,2018-02-11,ar,NA,raw,3,159,4,4,-1.0948017305667919,4.948983072659932
BR,2018-01-14,2018-02-11,arx,dengue,processed,3,159,4,4,-0.42731287471998924,4.28143090927015
BR,2018-01-14,2018-02-11,arx,dengue,raw,3,159,4,4,-1.6586130453711467,5.599486892564179
BR,2018-01-14,2018-02-11,arx,mosquito,processed,3,159,4,4,-0.4209921817329081,3.878867671907798
BR,2018-01-14,2018-02-11,arx,mosquito,raw,3,159,4,4,-1.1423380782904995,4.944459510140402
BR,2018-01-14,2018-02-11,arx,sintomas_de_dengue,processed,3,159,4,4,-2.2308016126628707,5.987511982136964
BR,2018-01-14,2018-02-11,arx,sintomas_de_dengue,raw,3,159,4,4,-0.9529348712775512,4.7887192790012705
BR,2018-01-21,2018-02-18,ar,NA,processed,3,160,4,4,-0.6922763761415114,6.674900385213389
BR,2018-01-21,2018-02-18,ar,NA,raw,3,160,4,4,-0.6922763761415114,6.674900385213389
BR,2018-01-21,2018-02-18,arx,dengue,processed,3,160,4,4,-0.3057954899378512,6.516447715433779
BR,2018-01-21,2018-02-18,arx,dengue,raw,3,160,4,4,-0.784634180719781,6.931444264040766
BR,2018-01-21,2018-02-18,arx,mosquito,processed,3,160,4,4,-0.48320607902931556,6.263509619720893
BR,2018-01-21,2018-02-18,arx,mosquito,raw,3,160,4,4,-0.7154663877176057,6.673694802430469
BR,2018-01-21,2018-02-18,arx,sintomas_de_dengue,processed,3,160,4,4,-1.3719435100027688,7.694299170501664
BR,2018-01-21,2018-02-18,arx,sintomas_de_dengue,raw,3,160,4,4,-0.6033881783759307,6.486948518524484
BR,2018-01-28,2018-02-25,ar,NA,processed,3,161,4,4,-0.5063567757119021,10.026584601412365
BR,2018-01-28,2018-02-25,ar,NA,raw,3,161,4,4,-0.5063567757119021,10.026584601412365
BR,2018-01-28,2018-02-25,arx,dengue,processed,3,161,4,4,-0.3492994705951793,10.331604983529745
BR,2018-01-28,2018-02-25,arx,dengue,raw,3,161,4,4,-0.42270574123897164,9.399267201569533
BR,2018-01-28,2018-02-25,arx,mosquito,processed,3,161,4,4,-0.4908600323344643,10.28955364987647
BR,2018-01-28,2018-02-25,arx,mosquito,raw,3,161,4,4,-0.5205297528789661,10.060201494792615
BR,2018-01-28,2018-02-25,arx,sintomas_de_dengue,processed,3,161,4,4,-0.8988494073087299,10.566263484447607
BR,2018-01-28,2018-02-25,arx,sintomas_de_dengue,raw,3,161,4,4,-0.441085924601579,9.914487331284242
BR,2018-02-04,2018-03-04,ar,NA,processed,3,162,4,4,-2.2159068983571433,15.147238701585849
BR,2018-02-04,2018-03-04,ar,NA,raw,3,162,4,4,-2.2159068983571433,15.147238701585849
BR,2018-02-04,2018-03-04,arx,dengue,processed,3,162,4,4,-2.0733107519913636,14.209531418227526
BR,2018-02-04,2018-03-04,arx,dengue,raw,3,162,4,4,-1.991772234675492,14.983866570644032
BR,2018-02-04,2018-03-04,arx,mosquito,processed,3,162,4,4,-2.3248390887465717,14.990767766232905
BR,2018-02-04,2018-03-04,arx,mosquito,raw,3,162,4,4,-2.242642853218366,15.191941842897766
BR,2018-02-04,2018-03-04,arx,sintomas_de_dengue,processed,3,162,4,4,-3.029389324220543,17.220505175917445
BR,2018-02-04,2018-03-04,arx,sintomas_de_dengue,raw,3,162,4,4,-2.0636585623830412,14.74032375525772
BR,2018-02-11,2018-03-11,ar,NA,processed,3,163,4,4,-7.968213889478077,20.55463919617709
BR,2018-02-11,2018-03-11,ar,NA,raw,3,163,4,4,-7.968213889478077,20.55463919617709
BR,2018-02-11,2018-03-11,arx,dengue,processed,3,163,4,4,-8.271195839881967,20.6521919810015
BR,2018-02-11,2018-03-11,arx,dengue,raw,3,163,4,4,-6.914708891775251,19.385914705168236
BR,2018-02-11,2018-03-11,arx,mosquito,processed,3,163,4,4,-8.96990343867792,21.475639985653743
BR,2018-02-11,2018-03-11,arx,mosquito,raw,3,163,4,4,-8.089306725451733,20.697953894950455
BR,2018-02-11,2018-03-11,arx,sintomas_de_dengue,processed,3,163,4,4,-10.271198400379689,22.976916110002662
BR,2018-02-11,2018-03-11,arx,sintomas_de_dengue,raw,3,163,4,4,-7.557170380487831,20.087215703786164
BR,2018-02-18,2018-03-18,ar,NA,processed,3,164,4,4,-36.61308436557593,20.825775403324922
BR,2018-02-18,2018-03-18,ar,NA,raw,3,164,4,4,-36.61308436557593,20.825775403324922
BR,2018-02-18,2018-03-18,arx,dengue,processed,3,164,4,4,-41.27363205439506,21.93114459134698
BR,2018-02-18,2018-03-18,arx,dengue,raw,3,164,4,4,-30.940346529446508,19.223340389557634
BR,2018-02-18,2018-03-18,arx,mosquito,processed,3,164,4,4,-44.632747864568955,22.757495738722678
BR,2018-02-18,2018-03-18,arx,mosquito,raw,3,164,4,4,-36.99169420840029,20.92276159622064
BR,2018-02-18,2018-03-18,arx,sintomas_de_dengue,processed,3,164,4,4,-47.57858977078783,23.56240809036656
BR,2018-02-18,2018-03-18,arx,sintomas_de_dengue,raw,3,164,4,4,-34.42603474840355,20.238777888649736
BR,2018-02-25,2018-03-25,ar,NA,processed,3,165,4,4,-67.9082005051165,19.09875558295405
BR,2018-02-25,2018-03-25,ar,NA,raw,3,165,4,4,-67.9082005051165,19.09875558295405
BR,2018-02-25,2018-03-25,arx,dengue,processed,3,165,4,4,-82.58377686231255,21.017838210225502
BR,2018-02-25,2018-03-25,arx,dengue,raw,3,165,4,4,-57.265898864755044,17.624658674614384
BR,2018-02-25,2018-03-25,arx,mosquito,processed,3,165,4,4,-89.56149582725482,21.840530134265176
BR,2018-02-25,2018-03-25,arx,mosquito,raw,3,165,4,4,-68.40892770886171,19.15715779478032
BR,2018-02-25,2018-03-25,arx,sintomas_de_dengue,processed,3,165,4,4,-91.82881053764235,22.156526717588918
BR,2018-02-25,2018-03-25,arx,sintomas_de_dengue,raw,3,165,4,4,-62.91592302927354,18.40203311987952
BR,2018-03-04,2018-04-01,ar,NA,processed,3,166,4,4,-4.7656550121307415,21.04413222913871
BR,2018-03-04,2018-04-01,ar,NA,raw,3,166,4,4,-4.7656550121307415,21.04413222913871
BR,2018-03-04,2018-04-01,arx,dengue,processed,3,166,4,4,-5.8522764236576705,23.297872326700496
BR,2018-03-04,2018-04-01,arx,dengue,raw,3,166,4,4,-4.2055191322760646,19.556657111444746
BR,2018-03-04,2018-04-01,arx,mosquito,processed,3,166,4,4,-6.182302645393107,24.13269490293909
BR,2018-03-04,2018-04-01,arx,mosquito,raw,3,166,4,4,-4.790917638118928,21.107949692261055
BR,2018-03-04,2018-04-01,arx,sintomas_de_dengue,processed,3,166,4,4,-6.018601520931989,23.72183910859678
BR,2018-03-04,2018-04-01,arx,sintomas_de_dengue,raw,3,166,4,4,-4.242794974603141,20.060092921215432
BR,2018-03-11,2018-04-08,ar,NA,processed,3,167,4,4,-4.449445370672969,25.106056608292214
BR,2018-03-11,2018-04-08,ar,NA,raw,3,167,4,4,-4.449445370672969,25.106056608292214
BR,2018-03-11,2018-04-08,arx,dengue,processed,3,167,4,4,-5.260522444534368,27.305589185407598
BR,2018-03-11,2018-04-08,arx,dengue,raw,3,167,4,4,-3.876062179213383,23.636239132912166
BR,2018-03-11,2018-04-08,arx,mosquito,processed,3,167,4,4,-5.430202272644135,27.970061813294194
BR,2018-03-11,2018-04-08,arx,mosquito,raw,3,167,4,4,-4.451769255494332,25.110813801316205
BR,2018-03-11,2018-04-08,arx,sintomas_de_dengue,processed,3,167,4,4,-5.197296113875328,27.18976880104858
BR,2018-03-11,2018-04-08,arx,sintomas_de_dengue,raw,3,167,4,4,-3.882567416491435,23.83143538969115
BR,2018-03-18,2018-04-15,ar,NA,processed,3,168,4,4,-7.799524136999828,29.674121997897224
BR,2018-03-18,2018-04-15,ar,NA,raw,3,168,4,4,-7.799524136999828,29.674121997897224
BR,2018-03-18,2018-04-15,arx,dengue,processed,3,168,4,4,-8.842408516258113,31.531892646343668
BR,2018-03-18,2018-04-15,arx,dengue,raw,3,168,4,4,-6.968992623555807,28.52564965339612
BR,2018-03-18,2018-04-15,arx,mosquito,processed,3,168,4,4,-9.08186407035305,31.96631662496851
BR,2018-03-18,2018-04-15,arx,mosquito,raw,3,168,4,4,-7.788575396732256,29.68678268970843
BR,2018-03-18,2018-04-15,arx,sintomas_de_dengue,processed,3,168,4,4,-8.608976222843388,31.14437459190924
BR,2018-03-18,2018-04-15,arx,sintomas_de_dengue,raw,3,168,4,4,-6.726920875048655,27.891010186840397
BR,2018-03-25,2018-04-22,ar,NA,processed,3,169,4,4,-18.95369656362052,34.49832221043251
BR,2018-03-25,2018-04-22,ar,NA,raw,3,169,4,4,-18.95369656362052,34.49832221043251
BR,2018-03-25,2018-04-22,arx,dengue,processed,3,169,4,4,-21.219237654444576,36.49947296082628
BR,2018-03-25,2018-04-22,arx,dengue,raw,3,169,4,4,-16.63938005881633,32.36674624976486
BR,2018-03-25,2018-04-22,arx,mosquito,processed,3,169,4,4,-21.9670600928933,37.132214426757045
BR,2018-03-25,2018-04-22,arx,mosquito,raw,3,169,4,4,-18.954860673005985,34.499340616891004
BR,2018-03-25,2018-04-22,arx,sintomas_de_dengue,processed,3,169,4,4,-20.5153651975129,35.89377453618677
BR,2018-03-25,2018-04-22,arx,sintomas_de_dengue,raw,3,169,4,4,-15.970372321597516,31.613095588195385
BR,2018-04-01,2018-04-29,ar,NA,processed,3,170,4,4,-15.03111809703223,32.65879440733344
BR,2018-04-01,2018-04-29,ar,NA,raw,3,170,4,4,-15.03111809703223,32.65879440733344
BR,2018-04-01,2018-04-29,arx,dengue,processed,3,170,4,4,-16.12160954955385,33.79054218699935
BR,2018-04-01,2018-04-29,arx,dengue,raw,3,170,4,4,-12.736778402756148,30.067175129769176
BR,2018-04-01,2018-04-29,arx,mosquito,processed,3,170,4,4,-17.562965803818525,35.252674551044386
BR,2018-04-01,2018-04-29,arx,mosquito,raw,3,170,4,4,-15.022190983229414,32.63951159811538
BR,2018-04-01,2018-04-29,arx,sintomas_de_dengue,processed,3,170,4,4,-14.572488434162047,32.16771418613661
BR,2018-04-01,2018-04-29,arx,sintomas_de_dengue,raw,3,170,4,4,-10.692415300923782,27.469934446331706
BR,2018-04-08,2018-05-06,ar,NA,processed,3,171,4,4,-19.66877294961467,30.959366545922713
BR,2018-04-08,2018-05-06,ar,NA,raw,3,171,4,4,-19.66877294961467,30.959366545922713
BR,2018-04-08,2018-05-06,arx,dengue,processed,3,171,4,4,-19.22280218786075,30.616156981857362
BR,2018-04-08,2018-05-06,arx,dengue,raw,3,171,4,4,-17.02245716972622,28.73806604417119
BR,2018-04-08,2018-05-06,arx,mosquito,processed,3,171,4,4,-22.773994881088438,33.27907386993535
BR,2018-04-08,2018-05-06,arx,mosquito,raw,3,171,4,4,-19.75472039856236,31.010511550839166
BR,2018-04-08,2018-05-06,arx,sintomas_de_dengue,processed,3,171,4,4,-15.73979882977941,27.784403419428628
BR,2018-04-08,2018-05-06,arx,sintomas_de_dengue,raw,3,171,4,4,-11.677110845978058,23.667102458037398
BR,2018-04-15,2018-05-13,ar,NA,processed,3,172,4,4,-21.2073682698011,28.904462556888266
BR,2018-04-15,2018-05-13,ar,NA,raw,3,172,4,4,-21.2073682698011,28.904462556888266
BR,2018-04-15,2018-05-13,arx,dengue,processed,3,172,4,4,-18.451853590668872,26.937876576728225
BR,2018-04-15,2018-05-13,arx,dengue,raw,3,172,4,4,-17.901927798001065,26.355638451356384
BR,2018-04-15,2018-05-13,arx,mosquito,processed,3,172,4,4,-24.165669588917666,30.911252707205943
BR,2018-04-15,2018-05-13,arx,mosquito,raw,3,172,4,4,-21.2599203222563,28.931789649135442
BR,2018-04-15,2018-05-13,arx,sintomas_de_dengue,processed,3,172,4,4,-12.810074565873819,22.389148233027154
BR,2018-04-15,2018-05-13,arx,sintomas_de_dengue,raw,3,172,4,4,-10.410292365104128,19.401083254766142
BR,2018-04-22,2018-05-20,ar,NA,processed,3,173,4,4,-3.4357334080866435,29.907572176092444
BR,2018-04-22,2018-05-20,ar,NA,raw,3,173,4,4,-3.4357334080866435,29.907572176092444
BR,2018-04-22,2018-05-20,arx,dengue,processed,3,173,4,4,-2.6711075365732126,26.88874610130535
BR,2018-04-22,2018-05-20,arx,dengue,raw,3,173,4,4,-2.971012995297969,28.27408150080752
BR,2018-04-22,2018-05-20,arx,mosquito,processed,3,173,4,4,-3.902635194780549,31.593109437234652
BR,2018-04-22,2018-05-20,arx,mosquito,raw,3,173,4,4,-3.4637109792242935,30.011022693232377
BR,2018-04-22,2018-05-20,arx,sintomas_de_dengue,processed,3,173,4,4,-1.501474184977059,21.5415670337821
BR,2018-04-22,2018-05-20,arx,sintomas_de_dengue,raw,3,173,4,4,-1.6048217182266296,22.510809092474624
BR,2018-04-29,2018-05-27,ar,NA,processed,3,174,4,4,-0.23526171715635935,20.52061956106143
BR,2018-04-29,2018-05-27,ar,NA,raw,3,174,4,4,-0.23526171715635935,20.52061956106143
BR,2018-04-29,2018-05-27,arx,dengue,processed,3,174,4,4,0.22009460506767942,14.769548169949559
BR,2018-04-29,2018-05-27,arx,dengue,raw,3,174,4,4,-0.21913327709864272,21.070431082201114
BR,2018-04-29,2018-05-27,arx,mosquito,processed,3,174,4,4,-0.3359029534950637,21.570782803738908
BR,2018-04-29,2018-05-27,arx,mosquito,raw,3,174,4,4,-0.22160585534735966,20.338829406070396
BR,2018-04-29,2018-05-27,arx,sintomas_de_dengue,processed,3,174,4,4,0.6220216048596943,10.026431661697536
BR,2018-04-29,2018-05-27,arx,sintomas_de_dengue,raw,3,174,4,4,0.36604146133602056,15.026886311087932
BR,2018-05-06,2018-06-03,ar,NA,processed,3,175,4,4,0.4368121702943413,13.022652520462161
BR,2018-05-06,2018-06-03,ar,NA,raw,3,175,4,4,0.4368121702943413,13.022652520462161
BR,2018-05-06,2018-06-03,arx,dengue,processed,3,175,4,4,0.8067031448064503,6.4110647468101165
BR,2018-05-06,2018-06-03,arx,dengue,raw,3,175,4,4,0.3719294515446583,14.657206339804778
BR,2018-05-06,2018-06-03,arx,mosquito,processed,3,175,4,4,0.4007786243455499,13.54010154774439
BR,2018-05-06,2018-06-03,arx,mosquito,raw,3,175,4,4,0.46434765315944415,12.55700553725757
BR,2018-05-06,2018-06-03,arx,sintomas_de_dengue,processed,3,175,4,4,0.8715870196014299,6.205053082735599
BR,2018-05-06,2018-06-03,arx,sintomas_de_dengue,raw,3,175,4,4,0.7484418057858759,9.490429198699179
BR,2018-05-13,2018-06-10,ar,NA,processed,3,176,4,4,-0.34697755883296266,10.691221115800758
BR,2018-05-13,2018-06-10,ar,NA,raw,3,176,4,4,-0.34697755883296266,10.691221115800758
BR,2018-05-13,2018-06-10,arx,dengue,processed,3,176,4,4,0.5969287800940473,5.681623539166177
BR,2018-05-13,2018-06-10,arx,dengue,raw,3,176,4,4,-0.5289820602219857,12.626205765244574
BR,2018-05-13,2018-06-10,arx,mosquito,processed,3,176,4,4,-0.39206904850248314,10.92460007572047
BR,2018-05-13,2018-06-10,arx,mosquito,raw,3,176,4,4,-0.27561185495335816,10.098457224490259
BR,2018-05-13,2018-06-10,arx,sintomas_de_dengue,processed,3,176,4,4,0.2924318129368074,8.14579364526027
BR,2018-05-13,2018-06-10,arx,sintomas_de_dengue,raw,3,176,4,4,-0.2005019741281895,10.249079126046583
BR,2018-05-20,2018-06-17,ar,NA,processed,3,177,4,4,-3.6014613976580776,12.24961385598355
BR,2018-05-20,2018-06-17,ar,NA,raw,3,177,4,4,-3.6014613976580776,12.24961385598355
BR,2018-05-20,2018-06-17,arx,dengue,processed,3,177,4,4,-0.5721350305955561,7.322619201905519
BR,2018-05-20,2018-06-17,arx,dengue,raw,3,177,4,4,-4.114349331011955,13.832748895691113
BR,2018-05-20,2018-06-17,arx,mosquito,processed,3,177,4,4,-3.6636801323819626,12.322192132323515
BR,2018-05-20,2018-06-17,arx,mosquito,raw,3,177,4,4,-3.4247883689973966,12.193133440145589
BR,2018-05-20,2018-06-17,arx,sintomas_de_dengue,processed,3,177,4,4,-0.44085134388077973,6.389456212174186
BR,2018-05-20,2018-06-17,arx,sintomas_de_dengue,raw,3,177,4,4,-3.4767454600912924,12.759069972847392
BR,2018-05-27,2018-06-24,ar,NA,processed,3,178,4,4,-0.8086024511072301,15.199898106312915
BR,2018-05-27,2018-06-24,ar,NA,raw,3,178,4,4,-0.8086024511072301,15.199898106312915
BR,2018-05-27,2018-06-24,arx,dengue,processed,3,178,4,4,0.3653921398304055,7.919253365799747
BR,2018-05-27,2018-06-24,arx,dengue,raw,3,178,4,4,-0.7077277940146369,15.244355110239033
BR,2018-05-27,2018-06-24,arx,mosquito,processed,3,178,4,4,-0.8348527590559902,15.324731205642712
BR,2018-05-27,2018-06-24,arx,mosquito,raw,3,178,4,4,-0.7779187141403097,14.97051842113305
BR,2018-05-27,2018-06-24,arx,sintomas_de_dengue,processed,3,178,4,4,0.7238524229068897,4.7944099173014205
BR,2018-05-27,2018-06-24,arx,sintomas_de_dengue,raw,3,178,4,4,-0.2740606384299009,11.985143650143389
BR,2018-06-03,2018-07-01,ar,NA,processed,3,179,4,4,-0.34551259674871093,14.800879363665025
BR,2018-06-03,2018-07-01,ar,NA,raw,3,179,4,4,-0.34551259674871093,14.800879363665025
BR,2018-06-03,2018-07-01,arx,dengue,processed,3,179,4,4,0.5046116086341985,7.909358837099825
BR,2018-06-03,2018-07-01,arx,dengue,raw,3,179,4,4,-0.4369652525172698,15.77093267141162
BR,2018-06-03,2018-07-01,arx,mosquito,processed,3,179,4,4,-0.34148485628190484,14.775661899619058
BR,2018-06-03,2018-07-01,arx,mosquito,raw,3,179,4,4,-0.29599483034679586,14.424190820497277
BR,2018-06-03,2018-07-01,arx,sintomas_de_dengue,processed,3,179,4,4,0.731897629624704,5.7052752909156865
BR,2018-06-03,2018-07-01,arx,sintomas_de_dengue,raw,3,179,4,4,-0.11405317786820635,12.762177342894335
BR,2018-06-10,2018-07-08,ar,NA,processed,3,180,4,4,0.30195199365804504,9.049865200902364
BR,2018-06-10,2018-07-08,ar,NA,raw,3,180,4,4,0.30195199365804504,9.049865200902364
BR,2018-06-10,2018-07-08,arx,dengue,processed,3,180,4,4,0.8445689098412319,3.8535909676732016
BR,2018-06-10,2018-07-08,arx,dengue,raw,3,180,4,4,-0.4266100298483102,13.243893105372633
BR,2018-06-10,2018-07-08,arx,mosquito,processed,3,180,4,4,0.3330252593723053,8.822701481598122
BR,2018-06-10,2018-07-08,arx,mosquito,raw,3,180,4,4,0.39086458122187107,8.30614706795545
BR,2018-06-10,2018-07-08,arx,sintomas_de_dengue,processed,3,180,4,4,0.8950800452922553,3.174555453418637
BR,2018-06-10,2018-07-08,arx,sintomas_de_dengue,raw,3,180,4,4,0.5295451128897228,6.927697949225814
BR,2018-06-17,2018-07-15,ar,NA,processed,3,181,4,4,-1.9617561467519207,10.203873472243066
BR,2018-06-17,2018-07-15,ar,NA,raw,3,181,4,4,-1.9617561467519207,10.203873472243066
BR,2018-06-17,2018-07-15,arx,dengue,processed,3,181,4,4,-0.3603189920005869,6.79315128950971
BR,2018-06-17,2018-07-15,arx,dengue,raw,3,181,4,4,-4.184115353943414,14.147674770187384
BR,2018-06-17,2018-07-15,arx,mosquito,processed,3,181,4,4,-1.864545775910055,9.975314293369635
BR,2018-06-17,2018-07-15,arx,mosquito,raw,3,181,4,4,-1.5660631249987054,9.316052116480567
BR,2018-06-17,2018-07-15,arx,sintomas_de_dengue,processed,3,181,4,4,0.38770657755801685,4.935543392462276
BR,2018-06-17,2018-07-15,arx,sintomas_de_dengue,raw,3,181,4,4,-1.093058090510171,8.468534946000807
BR,2018-06-24,2018-07-22,ar,NA,processed,3,182,4,4,-0.9246655074622405,12.30933961017909
BR,2018-06-24,2018-07-22,ar,NA,raw,3,182,4,4,-0.9246655074622405,12.30933961017909
BR,2018-06-24,2018-07-22,arx,dengue,processed,3,182,4,4,-0.0049792561152934844,8.369525243891761
BR,2018-06-24,2018-07-22,arx,dengue,raw,3,182,4,4,-2.5722917925644455,17.500695360585272
BR,2018-06-24,2018-07-22,arx,mosquito,processed,3,182,4,4,-0.8755070719100393,12.131192182792711
BR,2018-06-24,2018-07-22,arx,mosquito,raw,3,182,4,4,-0.6560604796701208,11.237396905023655
BR,2018-06-24,2018-07-22,arx,sintomas_de_dengue,processed,3,182,4,4,0.64391356221209,4.040473278331433
BR,2018-06-24,2018-07-22,arx,sintomas_de_dengue,raw,3,182,4,4,-0.5286593865949971,11.290642227128295
BR,2018-07-01,2018-07-29,ar,NA,processed,3,183,4,4,-0.9888557778779252,9.148850661271451
BR,2018-07-01,2018-07-29,ar,NA,raw,3,183,4,4,-0.9888557778779252,9.148850661271451
BR,2018-07-01,2018-07-29,arx,dengue,processed,3,183,4,4,-0.06120631036132984,6.19240071879004
BR,2018-07-01,2018-07-29,arx,dengue,raw,3,183,4,4,-2.9152082299453332,13.941704698187083
BR,2018-07-01,2018-07-29,arx,mosquito,processed,3,183,4,4,-0.9542431587533087,9.038632721548057
BR,2018-07-01,2018-07-29,arx,mosquito,raw,3,183,4,4,-0.5006336438981918,7.555162427897347
BR,2018-07-01,2018-07-29,arx,sintomas_de_dengue,processed,3,183,4,4,0.6241680494463393,3.3384009687296134
BR,2018-07-01,2018-07-29,arx,sintomas_de_dengue,raw,3,183,4,4,-0.657953279425187,8.889586440951321
BR,2018-07-08,2018-08-05,ar,NA,processed,3,184,4,4,-0.6839773709632424,10.531400896759463
BR,2018-07-08,2018-08-05,ar,NA,raw,3,184,4,4,-0.6839773709632424,10.531400896759463
BR,2018-07-08,2018-08-05,arx,dengue,processed,3,184,4,4,0.04899761756519849,7.20264452623332
BR,2018-07-08,2018-08-05,arx,dengue,raw,3,184,4,4,-1.9814246320626743,14.67163749716075
BR,2018-07-08,2018-08-05,arx,mosquito,processed,3,184,4,4,-0.6566780751673182,10.417263381011784
BR,2018-07-08,2018-08-05,arx,mosquito,raw,3,184,4,4,-0.36273544554746096,9.3151816155128
BR,2018-07-08,2018-08-05,arx,sintomas_de_dengue,processed,3,184,4,4,0.6422094068306341,2.893472046524363
BR,2018-07-08,2018-08-05,arx,sintomas_de_dengue,raw,3,184,4,4,-0.608586902060821,10.995446316196828
BR,2018-07-15,2018-08-12,ar,NA,processed,3,185,4,4,-1.3756277654412985,4.987849991927113
BR,2018-07-15,2018-08-12,ar,NA,raw,3,185,4,4,-1.3756277654412985,4.987849991927113
BR,2018-07-15,2018-08-12,arx,dengue,processed,3,185,4,4,0.532021667718112,2.121244397799681
BR,2018-07-15,2018-08-12,arx,dengue,raw,3,185,4,4,-5.724274464872977,9.164309233916725
BR,2018-07-15,2018-08-12,arx,mosquito,processed,3,185,4,4,-1.2230553229967929,4.831810669009892
BR,2018-07-15,2018-08-12,arx,mosquito,raw,3,185,4,4,-0.6933324708153101,4.13090150153025
BR,2018-07-15,2018-08-12,arx,sintomas_de_dengue,processed,3,185,4,4,-0.016775097873140465,3.410095464497029
BR,2018-07-15,2018-08-12,arx,sintomas_de_dengue,raw,3,185,4,4,-4.765577632225363,8.213328968804207
BR,2018-07-22,2018-08-19,ar,NA,processed,3,186,4,4,-3.9378077146632435,6.80147376597439
BR,2018-07-22,2018-08-19,ar,NA,raw,3,186,4,4,-3.9378077146632435,6.80147376597439
BR,2018-07-22,2018-08-19,arx,dengue,processed,3,186,4,4,0.24878801623658842,2.548264802757702
BR,2018-07-22,2018-08-19,arx,dengue,raw,3,186,4,4,-5.508826412666778,7.878023625018341
BR,2018-07-22,2018-08-19,arx,mosquito,processed,3,186,4,4,-3.435117781738338,6.46913220374497
BR,2018-07-22,2018-08-19,arx,mosquito,raw,3,186,4,4,-3.4125300389829434,6.336040324655161
BR,2018-07-22,2018-08-19,arx,sintomas_de_dengue,processed,3,186,4,4,0.41160210906975847,2.0562965558358917
BR,2018-07-22,2018-08-19,arx,sintomas_de_dengue,raw,3,186,4,4,-4.925020976844629,7.042661937575328
BR,2018-07-29,2018-08-26,ar,NA,processed,3,187,4,4,0.031119667184812738,4.157522531939633
BR,2018-07-29,2018-08-26,ar,NA,raw,3,187,4,4,0.031119667184812738,4.157522531939633
BR,2018-07-29,2018-08-26,arx,dengue,processed,3,187,4,4,0.1469733239740798,3.4558360186704653
BR,2018-07-29,2018-08-26,arx,dengue,raw,3,187,4,4,-0.14800309559262836,5.063066139581218
BR,2018-07-29,2018-08-26,arx,mosquito,processed,3,187,4,4,0.17934784540604898,3.9783520589243087
BR,2018-07-29,2018-08-26,arx,mosquito,raw,3,187,4,4,-0.08291592298268857,4.51810800404691
BR,2018-07-29,2018-08-26,arx,sintomas_de_dengue,processed,3,187,4,4,-0.993917386420401,5.848140737909806
BR,2018-07-29,2018-08-26,arx,sintomas_de_dengue,raw,3,187,4,4,0.28075949420150603,4.074735573003546
BR,2018-08-05,2018-09-02,ar,NA,processed,3,188,4,4,0.5345868739291764,6.120084407604665
BR,2018-08-05,2018-09-02,ar,NA,raw,3,188,4,4,0.5345868739291764,6.120084407604665
BR,2018-08-05,2018-09-02,arx,dengue,processed,3,188,4,4,-0.43212188463848866,9.869356901129203
BR,2018-08-05,2018-09-02,arx,dengue,raw,3,188,4,4,0.507076045434379,6.869896176391818
BR,2018-08-05,2018-09-02,arx,mosquito,processed,3,188,4,4,0.4815647293727078,6.596528800776078
BR,2018-08-05,2018-09-02,arx,mosquito,raw,3,188,4,4,0.5440527112411132,5.993080176535845
BR,2018-08-05,2018-09-02,arx,sintomas_de_dengue,processed,3,188,4,4,-1.1163255468959448,12.40791745983049
BR,2018-08-05,2018-09-02,arx,sintomas_de_dengue,raw,3,188,4,4,0.568987269625181,5.735846470747003
BR,2018-08-12,2018-09-09,ar,NA,processed,3,189,4,4,0.39330426317055633,5.840798183523684
BR,2018-08-12,2018-09-09,ar,NA,raw,3,189,4,4,0.39330426317055633,5.840798183523684
BR,2018-08-12,2018-09-09,arx,dengue,processed,3,189,4,4,-2.1387901615882043,13.955127956883073
BR,2018-08-12,2018-09-09,arx,dengue,raw,3,189,4,4,0.2830010850071184,6.868413004494868
BR,2018-08-12,2018-09-09,arx,mosquito,processed,3,189,4,4,0.2179427158676127,6.950853815877199
BR,2018-08-12,2018-09-09,arx,mosquito,raw,3,189,4,4,0.44438902616197073,5.316032191622372
BR,2018-08-12,2018-09-09,arx,sintomas_de_dengue,processed,3,189,4,4,-3.3479460017180003,17.080931419580185
BR,2018-08-12,2018-09-09,arx,sintomas_de_dengue,raw,3,189,4,4,0.22363681033323501,7.088069885642104
BR,2018-08-19,2018-09-16,ar,NA,processed,3,190,4,4,-0.5425087810161819,6.173530237675939
BR,2018-08-19,2018-09-16,ar,NA,raw,3,190,4,4,-0.5425087810161819,6.173530237675939
BR,2018-08-19,2018-09-16,arx,dengue,processed,3,190,4,4,-8.225525822520234,18.426177471926362
BR,2018-08-19,2018-09-16,arx,dengue,raw,3,190,4,4,-0.8732066010032666,7.692586829827622
BR,2018-08-19,2018-09-16,arx,mosquito,processed,3,190,4,4,-1.1579645631467286,8.106859439728517
BR,2018-08-19,2018-09-16,arx,mosquito,raw,3,190,4,4,-0.3992492548075641,5.668877002355976
BR,2018-08-19,2018-09-16,arx,sintomas_de_dengue,processed,3,190,4,4,-10.551088157286058,20.706492314120013
BR,2018-08-19,2018-09-16,arx,sintomas_de_dengue,raw,3,190,4,4,-0.5985773408735915,7.149068959610654
BR,2018-08-26,2018-09-23,ar,NA,processed,3,191,4,4,0.11917900470154841,4.498154989753274
BR,2018-08-26,2018-09-23,ar,NA,raw,3,191,4,4,0.11917900470154841,4.498154989753274
BR,2018-08-26,2018-09-23,arx,dengue,processed,3,191,4,4,-5.207548183003404,16.54612450157264
BR,2018-08-26,2018-09-23,arx,dengue,raw,3,191,4,4,0.16586406035365697,4.694409834647314
BR,2018-08-26,2018-09-23,arx,mosquito,processed,3,191,4,4,-0.08568592528451391,5.413171445001221
BR,2018-08-26,2018-09-23,arx,mosquito,raw,3,191,4,4,0.11027180817587068,4.94050193346823
BR,2018-08-26,2018-09-23,arx,sintomas_de_dengue,processed,3,191,4,4,-6.3736452385466675,18.05350799897409
BR,2018-08-26,2018-09-23,arx,sintomas_de_dengue,raw,3,191,4,4,0.33513055337071673,4.144093010170544
BR,2018-09-02,2018-09-30,ar,NA,processed,3,192,4,4,-1.0269764766867784,5.657649757309061
BR,2018-09-02,2018-09-30,ar,NA,raw,3,192,4,4,-1.0269764766867784,5.657649757309061
BR,2018-09-02,2018-09-30,arx,dengue,processed,3,192,4,4,-1.4554678031074104,7.011770044365423
BR,2018-09-02,2018-09-30,arx,dengue,raw,3,192,4,4,-0.7190595822065031,4.058970729121357
BR,2018-09-02,2018-09-30,arx,mosquito,processed,3,192,4,4,-0.6126850705420341,4.910199271756718
BR,2018-09-02,2018-09-30,arx,mosquito,raw,3,192,4,4,-1.6523156967222943,6.97018588473
BR,2018-09-02,2018-09-30,arx,sintomas_de_dengue,processed,3,192,4,4,-2.268528645997997,8.30304147731582
BR,2018-09-02,2018-09-30,arx,sintomas_de_dengue,raw,3,192,4,4,-0.15732709583782523,3.4349334497131623
BR,2018-09-09,2018-10-07,ar,NA,processed,3,193,4,4,-1.7241352343100935,5.543527766353253
BR,2018-09-09,2018-10-07,ar,NA,raw,3,193,4,4,-1.7241352343100935,5.543527766353253
BR,2018-09-09,2018-10-07,arx,dengue,processed,3,193,4,4,-2.132733288146776,6.770720388825824
BR,2018-09-09,2018-10-07,arx,dengue,raw,3,193,4,4,-2.244076016369489,5.406274251134234
BR,2018-09-09,2018-10-07,arx,mosquito,processed,3,193,4,4,-0.9032208624613212,4.401119269049126
BR,2018-09-09,2018-10-07,arx,mosquito,raw,3,193,4,4,-2.012053709453226,6.113595957226463
BR,2018-09-09,2018-10-07,arx,sintomas_de_dengue,processed,3,193,4,4,-3.0505517056112934,7.78687149658239
BR,2018-09-09,2018-10-07,arx,sintomas_de_dengue,raw,3,193,4,4,-1.9343657558266232,5.371343997348294
BR,2018-09-16,2018-10-14,ar,NA,processed,3,194,4,4,-0.7651445232677052,8.641665112573623
BR,2018-09-16,2018-10-14,ar,NA,raw,3,194,4,4,-0.7651445232677052,8.641665112573623
BR,2018-09-16,2018-10-14,arx,dengue,processed,3,194,4,4,0.6591426728529572,4.407520746809094
BR,2018-09-16,2018-10-14,arx,dengue,raw,3,194,4,4,-0.9800304825495079,9.230910747542092
BR,2018-09-16,2018-10-14,arx,mosquito,processed,3,194,4,4,-0.4073429443538741,7.385670014922111
BR,2018-09-16,2018-10-14,arx,mosquito,raw,3,194,4,4,-0.8162330097649373,8.82362787317991
BR,2018-09-16,2018-10-14,arx,sintomas_de_dengue,processed,3,194,4,4,0.609836707192478,4.7602930144083135
BR,2018-09-16,2018-10-14,arx,sintomas_de_dengue,raw,3,194,4,4,-0.6200045646638572,8.757522469642767
BR,2018-09-23,2018-10-21,ar,NA,processed,3,195,4,4,-2.3781928926691225,10.814231523462013
BR,2018-09-23,2018-10-21,ar,NA,raw,3,195,4,4,-2.3781928926691225,10.814231523462013
BR,2018-09-23,2018-10-21,arx,dengue,processed,3,195,4,4,0.6398955278325269,3.490687748599769
BR,2018-09-23,2018-10-21,arx,dengue,raw,3,195,4,4,-2.7494504398733857,11.910547843487706
BR,2018-09-23,2018-10-21,arx,mosquito,processed,3,195,4,4,-1.6651050480725993,9.432442356843953
BR,2018-09-23,2018-10-21,arx,mosquito,raw,3,195,4,4,-2.480104478623952,10.803498101534446
BR,2018-09-23,2018-10-21,arx,sintomas_de_dengue,processed,3,195,4,4,0.698725185919524,2.7484586765544003
BR,2018-09-23,2018-10-21,arx,sintomas_de_dengue,raw,3,195,4,4,-2.1232031634095936,10.981678270465626
BR,2018-09-30,2018-10-28,ar,NA,processed,3,196,4,4,-2.8373122860495585,10.870014775994765
BR,2018-09-30,2018-10-28,ar,NA,raw,3,196,4,4,-2.8373122860495585,10.870014775994765
BR,2018-09-30,2018-10-28,arx,dengue,processed,3,196,4,4,0.46459558607513607,4.504865541550188
BR,2018-09-30,2018-10-28,arx,dengue,raw,3,196,4,4,-2.6151202373765936,11.032704836983573
BR,2018-09-30,2018-10-28,arx,mosquito,processed,3,196,4,4,-1.675982460730724,9.009294149567593
BR,2018-09-30,2018-10-28,arx,mosquito,raw,3,196,4,4,-3.416550459771501,11.473213312663296
BR,2018-09-30,2018-10-28,arx,sintomas_de_dengue,processed,3,196,4,4,0.589921867341191,3.734351094182564
BR,2018-09-30,2018-10-28,arx,sintomas_de_dengue,raw,3,196,4,4,-2.0951223192607196,10.836763970371505
BR,2018-10-07,2018-11-04,ar,NA,processed,3,197,4,4,-7.6311096181864535,16.35787224269786
BR,2018-10-07,2018-11-04,ar,NA,raw,3,197,4,4,-7.6311096181864535,16.35787224269786
BR,2018-10-07,2018-11-04,arx,dengue,processed,3,197,4,4,-1.1566612530794793,7.624262711850233
BR,2018-10-07,2018-11-04,arx,dengue,raw,3,197,4,4,-5.932457426785993,14.82761754765125
BR,2018-10-07,2018-11-04,arx,mosquito,processed,3,197,4,4,-5.620752527994543,14.246188296047787
BR,2018-10-07,2018-11-04,arx,mosquito,raw,3,197,4,4,-9.1994216815916,17.721355268853962
BR,2018-10-07,2018-11-04,arx,sintomas_de_dengue,processed,3,197,4,4,-0.7525817757802145,6.554873685851195
BR,2018-10-07,2018-11-04,arx,sintomas_de_dengue,raw,3,197,4,4,-5.610295126877645,13.911282951355474
BR,2018-10-14,2018-11-11,ar,NA,processed,3,198,4,4,-5.4633671951012,15.414470783741491
BR,2018-10-14,2018-11-11,ar,NA,raw,3,198,4,4,-5.4633671951012,15.414470783741491
BR,2018-10-14,2018-11-11,arx,dengue,processed,3,198,4,4,-0.39318392335472496,6.534410714495811
BR,2018-10-14,2018-11-11,arx,dengue,raw,3,198,4,4,-3.667048453863802,13.265971866152166
BR,2018-10-14,2018-11-11,arx,mosquito,processed,3,198,4,4,-3.143759443430703,12.045300514167803
BR,2018-10-14,2018-11-11,arx,mosquito,raw,3,198,4,4,-6.835033484500875,17.0205570808034
BR,2018-10-14,2018-11-11,arx,sintomas_de_dengue,processed,3,198,4,4,-0.25512574964818757,6.250988015507408
BR,2018-10-14,2018-11-11,arx,sintomas_de_dengue,raw,3,198,4,4,-3.4909529039001397,12.96990063055032
BR,2018-10-21,2018-11-18,ar,NA,processed,3,199,4,4,-4.069168692087725,21.268403870792817
BR,2018-10-21,2018-11-18,ar,NA,raw,3,199,4,4,-4.069168692087725,21.268403870792817
BR,2018-10-21,2018-11-18,arx,dengue,processed,3,199,4,4,-0.9773300839100558,12.203174957055746
BR,2018-10-21,2018-11-18,arx,dengue,raw,3,199,4,4,-2.8901774514689635,18.515710229525073
BR,2018-10-21,2018-11-18,arx,mosquito,processed,3,199,4,4,-2.6630577975105933,17.647066191726683
BR,2018-10-21,2018-11-18,arx,mosquito,raw,3,199,4,4,-4.7809852203842444,22.96932513134476
BR,2018-10-21,2018-11-18,arx,sintomas_de_dengue,processed,3,199,4,4,-0.8915284728548816,11.794299092457312
BR,2018-10-21,2018-11-18,arx,sintomas_de_dengue,raw,3,199,4,4,-2.2420790114230233,16.94009994395865
BR,2018-10-28,2018-11-25,ar,NA,processed,3,200,4,4,-4.14094282938213,26.201064295457194
BR,2018-10-28,2018-11-25,ar,NA,raw,3,200,4,4,-4.14094282938213,26.201064295457194
BR,2018-10-28,2018-11-25,arx,dengue,processed,3,200,4,4,-1.4355064719481767,16.86328649130578
BR,2018-10-28,2018-11-25,arx,dengue,raw,3,200,4,4,-2.769290290012521,22.263685283839163
BR,2018-10-28,2018-11-25,arx,mosquito,processed,3,200,4,4,-2.7723178033923466,21.873361326288265
BR,2018-10-28,2018-11-25,arx,mosquito,raw,3,200,4,4,-4.603384871172445,27.462545381075266
BR,2018-10-28,2018-11-25,arx,sintomas_de_dengue,processed,3,200,4,4,-1.39193901079453,16.734644721756162
BR,2018-10-28,2018-11-25,arx,sintomas_de_dengue,raw,3,200,4,4,-1.9449973547240518,20.513883868645188
BR,2018-11-04,2018-12-02,ar,NA,processed,3,201,4,4,-5.155395892295519,29.7702262746656
BR,2018-11-04,2018-12-02,ar,NA,raw,3,201,4,4,-5.155395892295519,29.7702262746656
BR,2018-11-04,2018-12-02,arx,dengue,processed,3,201,4,4,-2.098432192185299,20.141601781607303
BR,2018-11-04,2018-12-02,arx,dengue,raw,3,201,4,4,-3.513946570826077,25.398972367325452
BR,2018-11-04,2018-12-02,arx,mosquito,processed,3,201,4,4,-3.339817009946459,24.40074603379015
BR,2018-11-04,2018-12-02,arx,mosquito,raw,3,201,4,4,-5.412983070654098,30.420813470747788
BR,2018-11-04,2018-12-02,arx,sintomas_de_dengue,processed,3,201,4,4,-2.0711285989768515,20.12647686738641
BR,2018-11-04,2018-12-02,arx,sintomas_de_dengue,raw,3,201,4,4,-2.2557188127769905,21.20879142513586
BR,2018-11-11,2018-12-09,ar,NA,processed,3,202,4,4,-11.175399215473384,37.27344686507104
BR,2018-11-11,2018-12-09,ar,NA,raw,3,202,4,4,-11.175399215473384,37.27344686507104
BR,2018-11-11,2018-12-09,arx,dengue,processed,3,202,4,4,-5.844645087645954,27.757715402347692
BR,2018-11-11,2018-12-09,arx,dengue,raw,3,202,4,4,-8.264493085176369,32.466108756491366
BR,2018-11-11,2018-12-09,arx,mosquito,processed,3,202,4,4,-7.8682821806919865,31.63252056849668
BR,2018-11-11,2018-12-09,arx,mosquito,raw,3,202,4,4,-11.356880357561572,37.563111931570496
BR,2018-11-11,2018-12-09,arx,sintomas_de_dengue,processed,3,202,4,4,-5.713107118591948,27.568740576015138
BR,2018-11-11,2018-12-09,arx,sintomas_de_dengue,raw,3,202,4,4,-5.815711230618386,27.98545116680439
BR,2018-11-18,2018-12-16,ar,NA,processed,3,203,4,4,-18.833462700590612,36.435944450259015
BR,2018-11-18,2018-12-16,ar,NA,raw,3,203,4,4,-18.833462700590612,36.435944450259015
BR,2018-11-18,2018-12-16,arx,dengue,processed,3,203,4,4,-9.130518672602003,25.621125295320525
BR,2018-11-18,2018-12-16,arx,dengue,raw,3,203,4,4,-13.291359353223545,30.588824022136823
BR,2018-11-18,2018-12-16,arx,mosquito,processed,3,203,4,4,-11.644968493184681,28.78992737986117
BR,2018-11-18,2018-12-16,arx,mosquito,raw,3,203,4,4,-18.31130322622939,35.92048186597058
BR,2018-11-18,2018-12-16,arx,sintomas_de_dengue,processed,3,203,4,4,-8.859296509942828,25.24347081361098
BR,2018-11-18,2018-12-16,arx,sintomas_de_dengue,raw,3,203,4,4,-7.912094499338046,23.394157842554804
BR,2018-11-25,2018-12-23,ar,NA,processed,3,204,4,4,-1.0702407841924044,27.84460103360353
BR,2018-11-25,2018-12-23,ar,NA,raw,3,204,4,4,-1.0702407841924044,27.84460103360353
BR,2018-11-25,2018-12-23,arx,dengue,processed,3,204,4,4,-0.021189452723425095,19.5902315060001
BR,2018-11-25,2018-12-23,arx,dengue,raw,3,204,4,4,-0.48432142056649186,21.616927622036112
BR,2018-11-25,2018-12-23,arx,mosquito,processed,3,204,4,4,-0.17362058800796887,20.22730056822621
BR,2018-11-25,2018-12-23,arx,mosquito,raw,3,204,4,4,-0.8783042092667377,25.78134820442608
BR,2018-11-25,2018-12-23,arx,sintomas_de_dengue,processed,3,204,4,4,-0.017112063268930333,20.641542668452914
BR,2018-11-25,2018-12-23,arx,sintomas_de_dengue,raw,3,204,4,4,-0.15316777198232656,25.280259113540822
BR,2018-12-02,2018-12-30,ar,NA,processed,3,205,4,4,-0.9232675964888641,32.421785409389365
BR,2018-12-02,2018-12-30,ar,NA,raw,3,205,4,4,-0.9232675964888641,32.421785409389365
BR,2018-12-02,2018-12-30,arx,dengue,processed,3,205,4,4,-0.3472644441344177,27.539210883428222
BR,2018-12-02,2018-12-30,arx,dengue,raw,3,205,4,4,-0.6367676543798444,29.736557240176886
BR,2018-12-02,2018-12-30,arx,mosquito,processed,3,205,4,4,-0.4871533396618333,28.550672535100887
BR,2018-12-02,2018-12-30,arx,mosquito,raw,3,205,4,4,-0.8464619980592738,30.209743436772808
BR,2018-12-02,2018-12-30,arx,sintomas_de_dengue,processed,3,205,4,4,-0.20350243609024443,27.78587914475438
BR,2018-12-02,2018-12-30,arx,sintomas_de_dengue,raw,3,205,4,4,-0.0384695593388511,31.468700784954773
BR,2018-12-09,2019-01-06,ar,NA,processed,3,206,4,4,-1.022870277943333,38.47884158939108
BR,2018-12-09,2019-01-06,ar,NA,raw,3,206,4,4,-1.022870277943333,38.47884158939108
BR,2018-12-09,2019-01-06,arx,dengue,processed,3,206,4,4,-0.44600873565456767,35.22094958746854
BR,2018-12-09,2019-01-06,arx,dengue,raw,3,206,4,4,-0.7407055334176109,38.207972494974676
BR,2018-12-09,2019-01-06,arx,mosquito,processed,3,206,4,4,-0.6049314163611563,37.06854234036136
BR,2018-12-09,2019-01-06,arx,mosquito,raw,3,206,4,4,-0.9293709170325009,38.76541958507907
BR,2018-12-09,2019-01-06,arx,sintomas_de_dengue,processed,3,206,4,4,-0.24353424334955598,34.39742110488225
BR,2018-12-09,2019-01-06,arx,sintomas_de_dengue,raw,3,206,4,4,-0.025480017417391698,40.88856170315366
BR,2018-12-16,2019-01-13,ar,NA,processed,3,207,4,4,-1.8733845932610498,55.061346349243664
BR,2018-12-16,2019-01-13,ar,NA,raw,3,207,4,4,-1.8733845932610498,55.061346349243664
BR,2018-12-16,2019-01-13,arx,dengue,processed,3,207,4,4,-1.068377661017125,49.78787428348011
BR,2018-12-16,2019-01-13,arx,dengue,raw,3,207,4,4,-1.5146648111321714,53.95208009310289
BR,2018-12-16,2019-01-13,arx,mosquito,processed,3,207,4,4,-1.3457385290980577,52.88884179185034
BR,2018-12-16,2019-01-13,arx,mosquito,raw,3,207,4,4,-1.757742680013211,55.152764043305105
BR,2018-12-16,2019-01-13,arx,sintomas_de_dengue,processed,3,207,4,4,-0.7819199038429399,48.099450385919965
BR,2018-12-16,2019-01-13,arx,sintomas_de_dengue,raw,3,207,4,4,-0.652342223145673,52.09673126499599
BR,2018-12-23,2019-01-20,ar,NA,processed,3,208,4,4,-9.207074852830278,71.23404603322867
BR,2018-12-23,2019-01-20,ar,NA,raw,3,208,4,4,-9.207074852830278,71.23404603322867
BR,2018-12-23,2019-01-20,arx,dengue,processed,3,208,4,4,-6.743627565424977,62.13080898022265
BR,2018-12-23,2019-01-20,arx,dengue,raw,3,208,4,4,-8.251329216963498,67.78081972445183
BR,2018-12-23,2019-01-20,arx,mosquito,processed,3,208,4,4,-7.845953492671246,66.22187276136167
BR,2018-12-23,2019-01-20,arx,mosquito,raw,3,208,4,4,-9.005282327659232,70.47943487438212
BR,2018-12-23,2019-01-20,arx,sintomas_de_dengue,processed,3,208,4,4,-6.05319453811515,59.28504563971671
BR,2018-12-23,2019-01-20,arx,sintomas_de_dengue,raw,3,208,4,4,-6.771404711590123,61.743814312678545
BR,2018-12-30,2019-01-27,ar,NA,processed,3,209,4,4,-8.695240209875143,65.82107315121218
BR,2018-12-30,2019-01-27,ar,NA,raw,3,209,4,4,-8.695240209875143,65.82107315121218
BR,2018-12-30,2019-01-27,arx,dengue,processed,3,209,4,4,-6.253841309279438,56.831689063960766
BR,2018-12-30,2019-01-27,arx,dengue,raw,3,209,4,4,-7.443871931108328,62.31178025780205
BR,2018-12-30,2019-01-27,arx,mosquito,processed,3,209,4,4,-7.287836902959114,60.94265949400802
BR,2018-12-30,2019-01-27,arx,mosquito,raw,3,209,4,4,-8.408134535088585,65.07817808833553
BR,2018-12-30,2019-01-27,arx,sintomas_de_dengue,processed,3,209,4,4,-5.251571378660427,52.40037716932826
BR,2018-12-30,2019-01-27,arx,sintomas_de_dengue,raw,3,209,4,4,-5.522429543246154,54.03086917822096
BR,2019-01-06,2019-02-03,ar,NA,processed,3,210,4,4,-10.797320435214786,67.41618486448306
BR,2019-01-06,2019-02-03,ar,NA,raw,3,210,4,4,-10.797320435214786,67.41618486448306
BR,2019-01-06,2019-02-03,arx,dengue,processed,3,210,4,4,-7.904169922528883,59.17865206758107
BR,2019-01-06,2019-02-03,arx,dengue,raw,3,210,4,4,-8.802001021925973,62.92300326705706
BR,2019-01-06,2019-02-03,arx,mosquito,processed,3,210,4,4,-9.087632039191107,63.09379554128054
BR,2019-01-06,2019-02-03,arx,mosquito,raw,3,210,4,4,-10.30131941558359,66.61929589790059
BR,2019-01-06,2019-02-03,arx,sintomas_de_dengue,processed,3,210,4,4,-6.632550320660996,54.467383503499974
BR,2019-01-06,2019-02-03,arx,sintomas_de_dengue,raw,3,210,4,4,-6.617332800502854,55.987121397983266
BR,2019-01-13,2019-02-10,ar,NA,processed,3,211,4,4,-16.57551669723454,67.78436576522905
BR,2019-01-13,2019-02-10,ar,NA,raw,3,211,4,4,-16.57551669723454,67.78436576522905
BR,2019-01-13,2019-02-10,arx,dengue,processed,3,211,4,4,-12.203424758215084,59.67411192123048
BR,2019-01-13,2019-02-10,arx,dengue,raw,3,211,4,4,-12.417556020709004,60.08845177224341
BR,2019-01-13,2019-02-10,arx,mosquito,processed,3,211,4,4,-13.794848210597921,62.651437700765555
BR,2019-01-13,2019-02-10,arx,mosquito,raw,3,211,4,4,-15.545345192332064,65.95627414353613
BR,2019-01-13,2019-02-10,arx,sintomas_de_dengue,processed,3,211,4,4,-10.180954692140217,54.45855011613986
BR,2019-01-13,2019-02-10,arx,sintomas_de_dengue,raw,3,211,4,4,-8.585348632891215,50.96620272692491
BR,2019-01-20,2019-02-17,ar,NA,processed,3,212,4,4,-25.432411928975466,65.73670439849663
BR,2019-01-20,2019-02-17,ar,NA,raw,3,212,4,4,-25.432411928975466,65.73670439849663
BR,2019-01-20,2019-02-17,arx,dengue,processed,3,212,4,4,-17.780454706403933,56.626736609310704
BR,2019-01-20,2019-02-17,arx,dengue,raw,3,212,4,4,-15.083377426408976,52.22978501719064
BR,2019-01-20,2019-02-17,arx,mosquito,processed,3,212,4,4,-20.28031926883453,59.774663488435486
BR,2019-01-20,2019-02-17,arx,mosquito,raw,3,212,4,4,-22.361148570529522,62.17320548935547
BR,2019-01-20,2019-02-17,arx,sintomas_de_dengue,processed,3,212,4,4,-14.932335395107398,51.88135576639532
BR,2019-01-20,2019-02-17,arx,sintomas_de_dengue,raw,3,212,4,4,-9.5630314263521,42.51129745447508
BR,2019-01-27,2019-02-24,ar,NA,processed,3,213,4,4,-64.3900983974374,62.13429621078915
BR,2019-01-27,2019-02-24,ar,NA,raw,3,213,4,4,-64.3900983974374,62.13429621078915
BR,2019-01-27,2019-02-24,arx,dengue,processed,3,213,4,4,-39.63093727996392,50.26015460470806
BR,2019-01-27,2019-02-24,arx,dengue,raw,3,213,4,4,-24.337383485548155,40.092910363798126
BR,2019-01-27,2019-02-24,arx,mosquito,processed,3,213,4,4,-46.3044682156326,53.814527560994755
BR,2019-01-27,2019-02-24,arx,mosquito,raw,3,213,4,4,-49.07738207228344,54.984115379441775
BR,2019-01-27,2019-02-24,arx,sintomas_de_dengue,processed,3,213,4,4,-33.73078859829318,46.4673393978819
BR,2019-01-27,2019-02-24,arx,sintomas_de_dengue,raw,3,213,4,4,-14.278358203552084,31.209295359318457
BR,2019-02-03,2019-03-03,ar,NA,processed,3,214,4,4,-82.52028693836363,56.142610762500134
BR,2019-02-03,2019-03-03,ar,NA,raw,3,214,4,4,-82.52028693836363,56.142610762500134
BR,2019-02-03,2019-03-03,arx,dengue,processed,3,214,4,4,-36.578858904970176,39.12051967491569
BR,2019-02-03,2019-03-03,arx,dengue,raw,3,214,4,4,-8.523867028044883,19.688925842455664
BR,2019-02-03,2019-03-03,arx,mosquito,processed,3,214,4,4,-46.397274205409246,43.30832888274029
BR,2019-02-03,2019-03-03,arx,mosquito,raw,3,214,4,4,-46.519900328141816,42.40910847029974
BR,2019-02-03,2019-03-03,arx,sintomas_de_dengue,processed,3,214,4,4,-31.83121933455292,36.57383382719169
BR,2019-02-03,2019-03-03,arx,sintomas_de_dengue,raw,3,214,4,4,-2.5558838935872044,10.085987079551382
BR,2019-02-10,2019-03-10,ar,NA,processed,3,215,4,4,-15.371840298687793,49.91797275360052
BR,2019-02-10,2019-03-10,ar,NA,raw,3,215,4,4,-15.371840298687793,49.91797275360052
BR,2019-02-10,2019-03-10,arx,dengue,processed,3,215,4,4,-3.6593952457561842,27.445926831226647
BR,2019-02-10,2019-03-10,arx,dengue,raw,3,215,4,4,0.49626003298537247,6.085944119386574
BR,2019-02-10,2019-03-10,arx,mosquito,processed,3,215,4,4,-5.879175400694177,32.30398039589825
BR,2019-02-10,2019-03-10,arx,mosquito,raw,3,215,4,4,-5.796718754689939,29.653610342535014
BR,2019-02-10,2019-03-10,arx,sintomas_de_dengue,processed,3,215,4,4,-3.5071436475468536,27.06623340242239
BR,2019-02-10,2019-03-10,arx,sintomas_de_dengue,raw,3,215,4,4,0.4738196409107055,9.179193826853007
BR,2019-02-17,2019-03-17,ar,NA,processed,3,216,4,4,-7.6327355877314496,46.28132279609735
BR,2019-02-17,2019-03-17,ar,NA,raw,3,216,4,4,-7.6327355877314496,46.28132279609735
BR,2019-02-17,2019-03-17,arx,dengue,processed,3,216,4,4,-0.8905945859737456,20.533152574566962
BR,2019-02-17,2019-03-17,arx,dengue,raw,3,216,4,4,0.4509031824646169,10.449969974931207
BR,2019-02-17,2019-03-17,arx,mosquito,processed,3,216,4,4,-2.2212747914301065,26.803536199394728
BR,2019-02-17,2019-03-17,arx,mosquito,raw,3,216,4,4,-2.949721937875382,29.265767698149357
BR,2019-02-17,2019-03-17,arx,sintomas_de_dengue,processed,3,216,4,4,-1.0213963087142668,21.319681213698914
BR,2019-02-17,2019-03-17,arx,sintomas_de_dengue,raw,3,216,4,4,0.6095025209383396,12.341494154512835
BR,2019-02-24,2019-03-24,ar,NA,processed,3,217,4,4,-9.845191938643941,51.896324586933396
BR,2019-02-24,2019-03-24,ar,NA,raw,3,217,4,4,-9.845191938643941,51.896324586933396
BR,2019-02-24,2019-03-24,arx,dengue,processed,3,217,4,4,-1.4036059286522686,24.504444618310544
BR,2019-02-24,2019-03-24,arx,dengue,raw,3,217,4,4,-0.09367108695721882,16.848333508005105
BR,2019-02-24,2019-03-24,arx,mosquito,processed,3,217,4,4,-3.257110697526814,32.41944038348933
BR,2019-02-24,2019-03-24,arx,mosquito,raw,3,217,4,4,-4.399928238594609,36.904111057061414
BR,2019-02-24,2019-03-24,arx,sintomas_de_dengue,processed,3,217,4,4,-1.693903342764452,25.57148741024656
BR,2019-02-24,2019-03-24,arx,sintomas_de_dengue,raw,3,217,4,4,0.9132350403796318,5.23877473032294
BR,2019-03-03,2019-03-31,ar,NA,processed,3,218,4,4,-14.685044107129,52.426586336841716
BR,2019-03-03,2019-03-31,ar,NA,raw,3,218,4,4,-14.685044107129,52.426586336841716
BR,2019-03-03,2019-03-31,arx,dengue,processed,3,218,4,4,-1.820241393954654,23.595546301484845
BR,2019-03-03,2019-03-31,arx,dengue,raw,3,218,4,4,0.14131590674720695,13.663240763142365
BR,2019-03-03,2019-03-31,arx,mosquito,processed,3,218,4,4,-4.497549511388551,31.94986450428463
BR,2019-03-03,2019-03-31,arx,mosquito,raw,3,218,4,4,-5.538310130037052,34.384784287804926
BR,2019-03-03,2019-03-31,arx,sintomas_de_dengue,processed,3,218,4,4,-2.679159056530815,26.572238064211284
BR,2019-03-03,2019-03-31,arx,sintomas_de_dengue,raw,3,218,4,4,0.7875533941150918,6.177168674066531
BR,2019-03-10,2019-04-07,ar,NA,processed,3,219,4,4,-17.305330876752695,44.67737952093956
BR,2019-03-10,2019-04-07,ar,NA,raw,3,219,4,4,-17.305330876752695,44.67737952093956
BR,2019-03-10,2019-04-07,arx,dengue,processed,3,219,4,4,-0.426183452511397,13.594902718142196
BR,2019-03-10,2019-04-07,arx,dengue,raw,3,219,4,4,0.7872243109206012,4.796286452959362
BR,2019-03-10,2019-04-07,arx,mosquito,processed,3,219,4,4,-3.222859110241947,22.57971481631012
BR,2019-03-10,2019-04-07,arx,mosquito,raw,3,219,4,4,-4.52789389255429,24.752197297405424
BR,2019-03-10,2019-04-07,arx,sintomas_de_dengue,processed,3,219,4,4,-1.886152581631567,19.230017322046102
BR,2019-03-10,2019-04-07,arx,sintomas_de_dengue,raw,3,219,4,4,-0.19153241395024945,9.734012389566166
BR,2019-03-17,2019-04-14,ar,NA,processed,3,220,4,4,-22.59600355109963,36.22099216262671
BR,2019-03-17,2019-04-14,ar,NA,raw,3,220,4,4,-22.59600355109963,36.22099216262671
BR,2019-03-17,2019-04-14,arx,dengue,processed,3,220,4,4,0.35653619799036307,5.954973531833917
BR,2019-03-17,2019-04-14,arx,dengue,raw,3,220,4,4,-1.3323879368858065,9.747767932191994
BR,2019-03-17,2019-04-14,arx,mosquito,processed,3,220,4,4,-1.5128850003267238,12.572682370381811
BR,2019-03-17,2019-04-14,arx,mosquito,raw,3,220,4,4,-4.754711421896589,17.234900253649705
BR,2019-03-17,2019-04-14,arx,sintomas_de_dengue,processed,3,220,4,4,-0.43681342605416895,9.224217065469034
BR,2019-03-17,2019-04-14,arx,sintomas_de_dengue,raw,3,220,4,4,-5.977817750620494,18.52380289987129
BR,2019-03-24,2019-04-21,ar,NA,processed,3,221,4,4,-14.98616837484837,29.965041384871654
BR,2019-03-24,2019-04-21,ar,NA,raw,3,221,4,4,-14.98616837484837,29.965041384871654
BR,2019-03-24,2019-04-21,arx,dengue,processed,3,221,4,4,0.02432703819960258,6.605151948991426
BR,2019-03-24,2019-04-21,arx,dengue,raw,3,221,4,4,-2.742515478152304,13.964919959204583
BR,2019-03-24,2019-04-21,arx,mosquito,processed,3,221,4,4,-0.14872038656448483,7.438359768047779
BR,2019-03-24,2019-04-21,arx,mosquito,raw,3,221,4,4,-5.003562818730845,17.678653791010078
BR,2019-03-24,2019-04-21,arx,sintomas_de_dengue,processed,3,221,4,4,0.8226147640794035,3.4525437448841325
BR,2019-03-24,2019-04-21,arx,sintomas_de_dengue,raw,3,221,4,4,-6.755383279091073,20.142344583679513
BR,2019-03-31,2019-04-28,ar,NA,processed,3,222,4,4,-10.280139795172644,23.140296160259204
BR,2019-03-31,2019-04-28,ar,NA,raw,3,222,4,4,-10.280139795172644,23.140296160259204
BR,2019-03-31,2019-04-28,arx,dengue,processed,3,222,4,4,-1.637511361697113,11.37375321914874
BR,2019-03-31,2019-04-28,arx,dengue,raw,3,222,4,4,-5.68340306070311,16.642631839167432
BR,2019-03-31,2019-04-28,arx,mosquito,processed,3,222,4,4,0.17367793464654335,5.044592669410326
BR,2019-03-31,2019-04-28,arx,mosquito,raw,3,222,4,4,-4.5590322250660575,16.591664206051814
BR,2019-03-31,2019-04-28,arx,sintomas_de_dengue,processed,3,222,4,4,0.6171715601205386,3.7219371481233976
BR,2019-03-31,2019-04-28,arx,sintomas_de_dengue,raw,3,222,4,4,-13.242839945750621,24.709960733424445
BR,2019-04-07,2019-05-05,ar,NA,processed,3,223,4,4,-9.567110401278057,20.047101189710144
BR,2019-04-07,2019-05-05,ar,NA,raw,3,223,4,4,-9.567110401278057,20.047101189710144
BR,2019-04-07,2019-05-05,arx,dengue,processed,3,223,4,4,-2.8834115129542504,12.231441599959766
BR,2019-04-07,2019-05-05,arx,dengue,raw,3,223,4,4,-8.033840422214894,17.997748253524676
BR,2019-04-07,2019-05-05,arx,mosquito,processed,3,223,4,4,-0.29875364956178574,6.954263636478948
BR,2019-04-07,2019-05-05,arx,mosquito,raw,3,223,4,4,-3.846105110706591,14.343037044661418
BR,2019-04-07,2019-05-05,arx,sintomas_de_dengue,processed,3,223,4,4,0.048227197578377234,5.752400173898974
BR,2019-04-07,2019-05-05,arx,sintomas_de_dengue,raw,3,223,4,4,-19.350911643523528,27.377116324190247
BR,2019-04-14,2019-05-12,ar,NA,processed,3,224,4,4,-49.563298204350005,19.7875689752721
BR,2019-04-14,2019-05-12,ar,NA,raw,3,224,4,4,-49.563298204350005,19.7875689752721
BR,2019-04-14,2019-05-12,arx,dengue,processed,3,224,4,4,-30.412783568382284,12.913442129397644
BR,2019-04-14,2019-05-12,arx,dengue,raw,3,224,4,4,-71.15247832422229,21.54442011459091
BR,2019-04-14,2019-05-12,arx,mosquito,processed,3,224,4,4,-8.324679865713854,8.117147700835748
BR,2019-04-14,2019-05-12,arx,mosquito,raw,3,224,4,4,-12.265613847044442,9.67536148858265
BR,2019-04-14,2019-05-12,arx,sintomas_de_dengue,processed,3,224,4,4,-11.93915409088426,8.402263664299188
BR,2019-04-14,2019-05-12,arx,sintomas_de_dengue,raw,3,224,4,4,-119.36831834051556,28.982143633610157
BR,2019-04-21,2019-05-19,ar,NA,processed,3,225,4,4,0.25727155037895943,7.009969831342371
BR,2019-04-21,2019-05-19,ar,NA,raw,3,225,4,4,0.25727155037895943,7.009969831342371
BR,2019-04-21,2019-05-19,arx,dengue,processed,3,225,4,4,-9.692910401599388,25.9816845271345
BR,2019-04-21,2019-05-19,arx,dengue,raw,3,225,4,4,-13.586737722640137,30.900364237052003
BR,2019-04-21,2019-05-19,arx,mosquito,processed,3,225,4,4,-0.13101514324829622,7.120273572470513
BR,2019-04-21,2019-05-19,arx,mosquito,raw,3,225,4,4,-1.2752669071580112,9.926506248680573
BR,2019-04-21,2019-05-19,arx,sintomas_de_dengue,processed,3,225,4,4,-5.0972696648630365,19.25524083967163
BR,2019-04-21,2019-05-19,arx,sintomas_de_dengue,raw,3,225,4,4,-13.904538894170285,32.87937816252401
BR,2019-04-28,2019-05-26,ar,NA,processed,3,226,4,4,-0.09453818876739795,14.723336404624126
BR,2019-04-28,2019-05-26,ar,NA,raw,3,226,4,4,-0.09453818876739795,14.723336404624126
BR,2019-04-28,2019-05-26,arx,dengue,processed,3,226,4,4,-4.086122010443137,34.98812892227832
BR,2019-04-28,2019-05-26,arx,dengue,raw,3,226,4,4,-4.650292817127587,36.180174482050894
BR,2019-04-28,2019-05-26,arx,mosquito,processed,3,226,4,4,-0.4425960400180031,17.284882875309478
BR,2019-04-28,2019-05-26,arx,mosquito,raw,3,226,4,4,-1.9303932557428731,24.488740413106623
BR,2019-04-28,2019-05-26,arx,sintomas_de_dengue,processed,3,226,4,4,-2.2896063768366055,28.041698542050923
BR,2019-04-28,2019-05-26,arx,sintomas_de_dengue,raw,3,226,4,4,-2.6360011962869003,30.59768131063561
BR,2019-05-05,2019-06-02,ar,NA,processed,3,227,4,4,-1.9983466967904473,38.65640137355304
BR,2019-05-05,2019-06-02,ar,NA,raw,3,227,4,4,-1.9983466967904473,38.65640137355304
BR,2019-05-05,2019-06-02,arx,dengue,processed,3,227,4,4,-4.078544596580303,51.872920191171005
BR,2019-05-05,2019-06-02,arx,dengue,raw,3,227,4,4,-4.1754133705497365,52.03632806325626
BR,2019-05-05,2019-06-02,arx,mosquito,processed,3,227,4,4,-1.69505834502759,37.01354834893374
BR,2019-05-05,2019-06-02,arx,mosquito,raw,3,227,4,4,-3.786037408097976,49.47915070412582
BR,2019-05-05,2019-06-02,arx,sintomas_de_dengue,processed,3,227,4,4,-2.5402467362914467,43.37085280598665
BR,2019-05-05,2019-06-02,arx,sintomas_de_dengue,raw,3,227,4,4,-1.437134146404063,35.821022538887675
BR,2019-05-12,2019-06-09,ar,NA,processed,3,228,4,4,-3.5125761952379957,56.448538995019106
BR,2019-05-12,2019-06-09,ar,NA,raw,3,228,4,4,-3.5125761952379957,56.448538995019106
BR,2019-05-12,2019-06-09,arx,dengue,processed,3,228,4,4,-4.912724663852314,65.06926768180253
BR,2019-05-12,2019-06-09,arx,dengue,raw,3,228,4,4,-3.8126527863229027,58.087118568301264
BR,2019-05-12,2019-06-09,arx,mosquito,processed,3,228,4,4,-3.0567893631304814,53.743318509264796
BR,2019-05-12,2019-06-09,arx,mosquito,raw,3,228,4,4,-4.701008622468951,63.680839150545566
BR,2019-05-12,2019-06-09,arx,sintomas_de_dengue,processed,3,228,4,4,-3.461968559641843,56.5994203700072
BR,2019-05-12,2019-06-09,arx,sintomas_de_dengue,raw,3,228,4,4,-1.614195393995276,43.002833892840805
BR,2019-05-19,2019-06-16,ar,NA,processed,3,229,4,4,-3.5402713712028993,64.44572422787009
BR,2019-05-19,2019-06-16,ar,NA,raw,3,229,4,4,-3.5402713712028993,64.44572422787009
BR,2019-05-19,2019-06-16,arx,dengue,processed,3,229,4,4,-5.093496847110028,74.53004502167306
BR,2019-05-19,2019-06-16,arx,dengue,raw,3,229,4,4,-2.2776636723052426,53.961471011420116
BR,2019-05-19,2019-06-16,arx,mosquito,processed,3,229,4,4,-3.5142583037157715,64.22299919935371
BR,2019-05-19,2019-06-16,arx,mosquito,raw,3,229,4,4,-3.401159539167134,63.12128037026405
BR,2019-05-19,2019-06-16,arx,sintomas_de_dengue,processed,3,229,4,4,-4.140689379407842,68.5903920580622
BR,2019-05-19,2019-06-16,arx,sintomas_de_dengue,raw,3,229,4,4,-1.5041458613834577,47.762971786536525
BR,2019-05-26,2019-06-23,ar,NA,processed,3,230,4,4,-4.383147326079073,63.3721512218438
BR,2019-05-26,2019-06-23,ar,NA,raw,3,230,4,4,-4.383147326079073,63.3721512218438
BR,2019-05-26,2019-06-23,arx,dengue,processed,3,230,4,4,-6.6890105034474985,75.05483796283471
BR,2019-05-26,2019-06-23,arx,dengue,raw,3,230,4,4,-1.4800020148684006,42.295758659924665
BR,2019-05-26,2019-06-23,arx,mosquito,processed,3,230,4,4,-4.752574225560381,65.19249938801005
BR,2019-05-26,2019-06-23,arx,mosquito,raw,3,230,4,4,-2.8742734117276894,53.588667305951866
BR,2019-05-26,2019-06-23,arx,sintomas_de_dengue,processed,3,230,4,4,-6.331787150196842,73.49206084591599
BR,2019-05-26,2019-06-23,arx,sintomas_de_dengue,raw,3,230,4,4,-1.932491248449296,46.54302395973197
BR,2019-06-02,2019-06-30,ar,NA,processed,3,231,4,4,-3.3206827285819394,54.36261168878082
BR,2019-06-02,2019-06-30,ar,NA,raw,3,231,4,4,-3.3206827285819394,54.36261168878082
BR,2019-06-02,2019-06-30,arx,dengue,processed,3,231,4,4,-6.274036684004667,69.81907102883143
BR,2019-06-02,2019-06-30,arx,dengue,raw,3,231,4,4,-0.8472512728061055,34.607602893536956
BR,2019-06-02,2019-06-30,arx,mosquito,processed,3,231,4,4,-4.020362359959904,58.30560218313654
BR,2019-06-02,2019-06-30,arx,mosquito,raw,3,231,4,4,-1.4006039197298765,40.29704681538675
BR,2019-06-02,2019-06-30,arx,sintomas_de_dengue,processed,3,231,4,4,-6.996841869479932,73.4387342766812
BR,2019-06-02,2019-06-30,arx,sintomas_de_dengue,raw,3,231,4,4,-2.3452908478423935,46.73398651753743
BR,2019-06-09,2019-07-07,ar,NA,processed,3,232,4,4,-3.0972645355547987,50.80239650580174
BR,2019-06-09,2019-07-07,ar,NA,raw,3,232,4,4,-3.0972645355547987,50.80239650580174
BR,2019-06-09,2019-07-07,arx,dengue,processed,3,232,4,4,-5.68180690504815,63.82909399146526
BR,2019-06-09,2019-07-07,arx,dengue,raw,3,232,4,4,-0.10775356212724319,23.70847021748498
BR,2019-06-09,2019-07-07,arx,mosquito,processed,3,232,4,4,-3.557821392151186,53.22744545430083
BR,2019-06-09,2019-07-07,arx,mosquito,raw,3,232,4,4,-0.9211117797965804,34.2923710500708
BR,2019-06-09,2019-07-07,arx,sintomas_de_dengue,processed,3,232,4,4,-7.306026379423063,71.36257169356422
BR,2019-06-09,2019-07-07,arx,sintomas_de_dengue,raw,3,232,4,4,-1.6693308156794662,36.87012369861202
BR,2019-06-16,2019-07-14,ar,NA,processed,3,233,4,4,-0.8334168229185481,38.0208743438916
BR,2019-06-16,2019-07-14,ar,NA,raw,3,233,4,4,-0.8334168229185481,38.0208743438916
BR,2019-06-16,2019-07-14,arx,dengue,processed,3,233,4,4,-2.3763315440418924,51.85721020609988
BR,2019-06-16,2019-07-14,arx,dengue,raw,3,233,4,4,0.8224779825603921,8.722843461602443
BR,2019-06-16,2019-07-14,arx,mosquito,processed,3,233,4,4,-1.2779245962976855,42.843095748689095
BR,2019-06-16,2019-07-14,arx,mosquito,raw,3,233,4,4,0.33317547905180067,22.99224033233458
BR,2019-06-16,2019-07-14,arx,sintomas_de_dengue,processed,3,233,4,4,-3.9519172497545085,63.03373584425343
BR,2019-06-16,2019-07-14,arx,sintomas_de_dengue,raw,3,233,4,4,0.17234281393435902,21.943554244556672
BR,2019-06-23,2019-07-21,ar,NA,processed,3,234,4,4,-2.813757182559954,47.35509011597131
BR,2019-06-23,2019-07-21,ar,NA,raw,3,234,4,4,-2.813757182559954,47.35509011597131
BR,2019-06-23,2019-07-21,arx,dengue,processed,3,234,4,4,-3.5036625210892733,50.12190073710191
BR,2019-06-23,2019-07-21,arx,dengue,raw,3,234,4,4,0.8494765028853896,6.717031127801936
BR,2019-06-23,2019-07-21,arx,mosquito,processed,3,234,4,4,-2.541787116213241,45.24898166451595
BR,2019-06-23,2019-07-21,arx,mosquito,raw,3,234,4,4,0.26156926721440377,20.562883798729594
BR,2019-06-23,2019-07-21,arx,sintomas_de_dengue,processed,3,234,4,4,-6.127911571860947,63.94677986018312
BR,2019-06-23,2019-07-21,arx,sintomas_de_dengue,raw,3,234,4,4,0.5445599054922032,14.198258481403366
BR,2019-06-30,2019-07-28,ar,NA,processed,3,235,4,4,-3.0420867417728763,36.64369844425314
BR,2019-06-30,2019-07-28,ar,NA,raw,3,235,4,4,-3.0420867417728763,36.64369844425314
BR,2019-06-30,2019-07-28,arx,dengue,processed,3,235,4,4,-3.0699653471379635,35.71024189171143
BR,2019-06-30,2019-07-28,arx,dengue,raw,3,235,4,4,0.6445948566327391,10.60000395973245
BR,2019-06-30,2019-07-28,arx,mosquito,processed,3,235,4,4,-2.642302274037973,34.4365002381876
BR,2019-06-30,2019-07-28,arx,mosquito,raw,3,235,4,4,0.45797110351459547,13.052562612968114
BR,2019-06-30,2019-07-28,arx,sintomas_de_dengue,processed,3,235,4,4,-7.434791811016698,52.56716534915318
BR,2019-06-30,2019-07-28,arx,sintomas_de_dengue,raw,3,235,4,4,0.8238815439774596,7.088608590779071
BR,2019-07-07,2019-08-04,ar,NA,processed,3,236,4,4,-1.8711019462543552,22.100574539307534
BR,2019-07-07,2019-08-04,ar,NA,raw,3,236,4,4,-1.8711019462543552,22.100574539307534
BR,2019-07-07,2019-08-04,arx,dengue,processed,3,236,4,4,-1.963019260238466,21.789120418754298
BR,2019-07-07,2019-08-04,arx,dengue,raw,3,236,4,4,-0.032783961826243324,13.03934081073111
BR,2019-07-07,2019-08-04,arx,mosquito,processed,3,236,4,4,-2.034619787586385,22.573305702324948
BR,2019-07-07,2019-08-04,arx,mosquito,raw,3,236,4,4,0.7684368462233713,5.960431702448984
BR,2019-07-07,2019-08-04,arx,sintomas_de_dengue,processed,3,236,4,4,-8.98238588562849,41.08514426569737
BR,2019-07-07,2019-08-04,arx,sintomas_de_dengue,raw,3,236,4,4,0.5509714273316175,8.161459928828945
BR,2019-07-14,2019-08-11,ar,NA,processed,3,237,4,4,-0.18280138710752025,12.725896843513931
BR,2019-07-14,2019-08-11,ar,NA,raw,3,237,4,4,-0.18280138710752025,12.725896843513931
BR,2019-07-14,2019-08-11,arx,dengue,processed,3,237,4,4,-0.16939673992395687,12.747156298104736
BR,2019-07-14,2019-08-11,arx,dengue,raw,3,237,4,4,-0.2165816745396434,12.657629717549304
BR,2019-07-14,2019-08-11,arx,mosquito,processed,3,237,4,4,-0.7746155014395346,15.66975186254251
BR,2019-07-14,2019-08-11,arx,mosquito,raw,3,237,4,4,0.6909000656147908,6.0438991913080065
BR,2019-07-14,2019-08-11,arx,sintomas_de_dengue,processed,3,237,4,4,-6.761291205471105,32.83662711419359
BR,2019-07-14,2019-08-11,arx,sintomas_de_dengue,raw,3,237,4,4,0.4458426227895078,8.19326387716272
BR,2019-07-21,2019-08-18,ar,NA,processed,3,238,4,4,0.30438925517135884,9.251682549410296
BR,2019-07-21,2019-08-18,ar,NA,raw,3,238,4,4,0.30438925517135884,9.251682549410296
BR,2019-07-21,2019-08-18,arx,dengue,processed,3,238,4,4,0.20096430826572353,10.192548052134816
BR,2019-07-21,2019-08-18,arx,dengue,raw,3,238,4,4,0.4176320279871215,8.144684559702299
BR,2019-07-21,2019-08-18,arx,mosquito,processed,3,238,4,4,-0.6390029714211554,14.200160034574699
BR,2019-07-21,2019-08-18,arx,mosquito,raw,3,238,4,4,0.6880648556303735,5.496827224945956
BR,2019-07-21,2019-08-18,arx,sintomas_de_dengue,processed,3,238,4,4,-5.350086354212846,29.172501232102356
BR,2019-07-21,2019-08-18,arx,sintomas_de_dengue,raw,3,238,4,4,0.8424310545128372,3.9957594386980047
BR,2019-07-28,2019-08-25,ar,NA,processed,3,239,4,4,0.3472754366646623,8.30158540597469
BR,2019-07-28,2019-08-25,ar,NA,raw,3,239,4,4,0.3472754366646623,8.30158540597469
BR,2019-07-28,2019-08-25,arx,dengue,processed,3,239,4,4,0.07076055430301009,10.04343337201862
BR,2019-07-28,2019-08-25,arx,dengue,raw,3,239,4,4,0.8224701372901907,3.4916320621639665
BR,2019-07-28,2019-08-25,arx,mosquito,processed,3,239,4,4,-1.4912687091449985,16.415584964220713
BR,2019-07-28,2019-08-25,arx,mosquito,raw,3,239,4,4,0.04991050452497181,10.03565714122856
BR,2019-07-28,2019-08-25,arx,sintomas_de_dengue,processed,3,239,4,4,-5.047931330734902,26.61266069343625
BR,2019-07-28,2019-08-25,arx,sintomas_de_dengue,raw,3,239,4,4,0.9437784603712833,2.250916272649673
BR,2019-08-04,2019-09-01,ar,NA,processed,3,240,4,4,-0.7375875748055445,8.767442384837262
BR,2019-08-04,2019-09-01,ar,NA,raw,3,240,4,4,-0.7375875748055445,8.767442384837262
BR,2019-08-04,2019-09-01,arx,dengue,processed,3,240,4,4,-1.600449132191915,10.778255674660171
BR,2019-08-04,2019-09-01,arx,dengue,raw,3,240,4,4,0.7988756576286683,2.631317926342541
BR,2019-08-04,2019-09-01,arx,mosquito,processed,3,240,4,4,-7.202417962871657,19.353952364699396
BR,2019-08-04,2019-09-01,arx,mosquito,raw,3,240,4,4,-2.061870245284708,11.888033855572536
BR,2019-08-04,2019-09-01,arx,sintomas_de_dengue,processed,3,240,4,4,-11.975634504771504,24.397926281378755
BR,2019-08-04,2019-09-01,arx,sintomas_de_dengue,raw,3,240,4,4,0.6878814491363565,3.5451901444691667
BR,2019-08-11,2019-09-08,ar,NA,processed,3,241,4,4,-1.6336013630010826,4.109607033736015
BR,2019-08-11,2019-09-08,ar,NA,raw,3,241,4,4,-1.6336013630010826,4.109607033736015
BR,2019-08-11,2019-09-08,arx,dengue,processed,3,241,4,4,-2.532934779200802,5.412558650865877
BR,2019-08-11,2019-09-08,arx,dengue,raw,3,241,4,4,-2.5900841453359837,4.65219295062346
BR,2019-08-11,2019-09-08,arx,mosquito,processed,3,241,4,4,-17.526285776100494,13.743041179979457
BR,2019-08-11,2019-09-08,arx,mosquito,raw,3,241,4,4,-2.4148946450792836,5.191970802560407
BR,2019-08-11,2019-09-08,arx,sintomas_de_dengue,processed,3,241,4,4,-23.771612276212768,15.897008825044514
BR,2019-08-11,2019-09-08,arx,sintomas_de_dengue,raw,3,241,4,4,-1.00015261599972,4.157026643148103
BR,2019-08-18,2019-09-15,ar,NA,processed,3,242,4,4,-18.391762035488746,6.854348902079139
BR,2019-08-18,2019-09-15,ar,NA,raw,3,242,4,4,-18.391762035488746,6.854348902079139
BR,2019-08-18,2019-09-15,arx,dengue,processed,3,242,4,4,-3.8235637595157312,3.6096081267443214
BR,2019-08-18,2019-09-15,arx,dengue,raw,3,242,4,4,-12.743132340730028,6.133253990106005
BR,2019-08-18,2019-09-15,arx,mosquito,processed,3,242,4,4,-34.42956541577676,10.951942691653722
BR,2019-08-18,2019-09-15,arx,mosquito,raw,3,242,4,4,-1.5961302589008128,2.78991245531278
BR,2019-08-18,2019-09-15,arx,sintomas_de_dengue,processed,3,242,4,4,-40.958432215255996,11.965085285146984
BR,2019-08-18,2019-09-15,arx,sintomas_de_dengue,raw,3,242,4,4,-10.520450972862186,6.279148116354587
BR,2019-08-25,2019-09-22,ar,NA,processed,3,243,4,4,-0.6558637688608164,7.599603956469422
BR,2019-08-25,2019-09-22,ar,NA,raw,3,243,4,4,-0.6558637688608164,7.599603956469422
BR,2019-08-25,2019-09-22,arx,dengue,processed,3,243,4,4,-1.780139875951824,8.944532058270575
BR,2019-08-25,2019-09-22,arx,dengue,raw,3,243,4,4,-0.1936190643063509,6.891301211450472
BR,2019-08-25,2019-09-22,arx,mosquito,processed,3,243,4,4,-4.365173047996354,13.466675382146192
BR,2019-08-25,2019-09-22,arx,mosquito,raw,3,243,4,4,0.651312313772199,3.587509982421233
BR,2019-08-25,2019-09-22,arx,sintomas_de_dengue,processed,3,243,4,4,-5.654905236760055,14.867085444808358
BR,2019-08-25,2019-09-22,arx,sintomas_de_dengue,raw,3,243,4,4,-0.5567864292407625,9.045023148672463
BR,2019-09-01,2019-09-29,ar,NA,processed,3,244,4,4,-0.33901974339587926,7.391962257419728
BR,2019-09-01,2019-09-29,ar,NA,raw,3,244,4,4,-0.33901974339587926,7.391962257419728
BR,2019-09-01,2019-09-29,arx,dengue,processed,3,244,4,4,-3.7930320667094657,13.750637197366958
BR,2019-09-01,2019-09-29,arx,dengue,raw,3,244,4,4,0.3229283596934084,5.634826000326791
BR,2019-09-01,2019-09-29,arx,mosquito,processed,3,244,4,4,-6.136528392010236,16.480960204147006
BR,2019-09-01,2019-09-29,arx,mosquito,raw,3,244,4,4,0.22699191863128287,5.89406454091838
BR,2019-09-01,2019-09-29,arx,sintomas_de_dengue,processed,3,244,4,4,-9.389374153087696,20.218845653394517
BR,2019-09-01,2019-09-29,arx,sintomas_de_dengue,raw,3,244,4,4,-0.659410047356634,8.050183783112457
BR,2019-09-08,2019-10-06,ar,NA,processed,3,245,4,4,-0.10943025636438142,4.224725385158208
BR,2019-09-08,2019-10-06,ar,NA,raw,3,245,4,4,-0.10943025636438142,4.224725385158208
BR,2019-09-08,2019-10-06,arx,dengue,processed,3,245,4,4,-15.828895261412043,21.1803555155815
BR,2019-09-08,2019-10-06,arx,dengue,raw,3,245,4,4,-1.067441599294619,7.070111958115004
BR,2019-09-08,2019-10-06,arx,mosquito,processed,3,245,4,4,-21.26388471045466,24.4585799291848
BR,2019-09-08,2019-10-06,arx,mosquito,raw,3,245,4,4,-0.5011958824191238,6.225565705632598
BR,2019-09-08,2019-10-06,arx,sintomas_de_dengue,processed,3,245,4,4,-30.065784331662424,28.99109525008004
BR,2019-09-08,2019-10-06,arx,sintomas_de_dengue,raw,3,245,4,4,-3.1609756903085557,9.520589313561288
BR,2019-09-15,2019-10-13,ar,NA,processed,3,246,4,4,-2.621444691032539,6.319128262013324
BR,2019-09-15,2019-10-13,ar,NA,raw,3,246,4,4,-2.621444691032539,6.319128262013324
BR,2019-09-15,2019-10-13,arx,dengue,processed,3,246,4,4,-36.510739411859696,22.441738281428787
BR,2019-09-15,2019-10-13,arx,dengue,raw,3,246,4,4,-5.2246801782506616,9.132996799057906
BR,2019-09-15,2019-10-13,arx,mosquito,processed,3,246,4,4,-37.31890614175142,22.865816392399836
BR,2019-09-15,2019-10-13,arx,mosquito,raw,3,246,4,4,-6.3305278707287265,9.594904608689053
BR,2019-09-15,2019-10-13,arx,sintomas_de_dengue,processed,3,246,4,4,-61.97524940174709,29.09074356597182
BR,2019-09-15,2019-10-13,arx,sintomas_de_dengue,raw,3,246,4,4,-1.5661007963282798,5.644468995637605
BR,2019-09-22,2019-10-20,ar,NA,processed,3,247,4,4,-81.01563096757025,14.762099113239705
BR,2019-09-22,2019-10-20,ar,NA,raw,3,247,4,4,-81.01563096757025,14.762099113239705
BR,2019-09-22,2019-10-20,arx,dengue,processed,3,247,4,4,-151.66232282094813,16.399938004175773
BR,2019-09-22,2019-10-20,arx,dengue,raw,3,247,4,4,-59.72188628958846,12.769771164632054
BR,2019-09-22,2019-10-20,arx,mosquito,processed,3,247,4,4,-89.36359423018227,12.856543762545366
BR,2019-09-22,2019-10-20,arx,mosquito,raw,3,247,4,4,-82.25427493441688,14.843788019943553
BR,2019-09-22,2019-10-20,arx,sintomas_de_dengue,processed,3,247,4,4,-243.21982218890116,22.156550429564316
BR,2019-09-22,2019-10-20,arx,sintomas_de_dengue,raw,3,247,4,4,-17.743135110966954,6.672649663439034
BR,2019-09-29,2019-10-27,ar,NA,processed,3,248,4,4,-10.990435903190873,6.5730238465429816
BR,2019-09-29,2019-10-27,ar,NA,raw,3,248,4,4,-10.990435903190873,6.5730238465429816
BR,2019-09-29,2019-10-27,arx,dengue,processed,3,248,4,4,-135.9198120258619,25.186532485306245
BR,2019-09-29,2019-10-27,arx,dengue,raw,3,248,4,4,-14.53448901114352,8.694382587439794
BR,2019-09-29,2019-10-27,arx,mosquito,processed,3,248,4,4,-90.78628663222251,20.656046452173623
BR,2019-09-29,2019-10-27,arx,mosquito,raw,3,248,4,4,-12.830787906264925,7.936486255013916
BR,2019-09-29,2019-10-27,arx,sintomas_de_dengue,processed,3,248,4,4,-189.06720905689636,29.831068416081685
BR,2019-09-29,2019-10-27,arx,sintomas_de_dengue,raw,3,248,4,4,-3.1947898407564335,4.325613924943203
BR,2019-10-06,2019-11-03,ar,NA,processed,3,249,4,4,-7.081071818888006,10.646926564258859
BR,2019-10-06,2019-11-03,ar,NA,raw,3,249,4,4,-7.081071818888006,10.646926564258859
BR,2019-10-06,2019-11-03,arx,dengue,processed,3,249,4,4,-34.838281371169366,25.124184006112984
BR,2019-10-06,2019-11-03,arx,dengue,raw,3,249,4,4,-4.8866103663907445,7.84192961080972
BR,2019-10-06,2019-11-03,arx,mosquito,processed,3,249,4,4,-19.88616167947603,18.66361961322018
BR,2019-10-06,2019-11-03,arx,mosquito,raw,3,249,4,4,-4.28321678271615,9.314530134873813
BR,2019-10-06,2019-11-03,arx,sintomas_de_dengue,processed,3,249,4,4,-50.2837917982418,29.71059225450507
BR,2019-10-06,2019-11-03,arx,sintomas_de_dengue,raw,3,249,4,4,0.19216391234053243,3.20106950936285
BR,2019-10-13,2019-11-10,ar,NA,processed,3,250,4,4,-5.80374979200084,10.037556268188343
BR,2019-10-13,2019-11-10,ar,NA,raw,3,250,4,4,-5.80374979200084,10.037556268188343
BR,2019-10-13,2019-11-10,arx,dengue,processed,3,250,4,4,-33.824747958006164,26.087805263916437
BR,2019-10-13,2019-11-10,arx,dengue,raw,3,250,4,4,-7.597132655194047,11.80907888762503
BR,2019-10-13,2019-11-10,arx,mosquito,processed,3,250,4,4,-25.244706911610546,22.169629457580893
BR,2019-10-13,2019-11-10,arx,mosquito,raw,3,250,4,4,-0.7533275989186037,5.258897209115272
BR,2019-10-13,2019-11-10,arx,sintomas_de_dengue,processed,3,250,4,4,-54.142205993819765,32.38294322103264
BR,2019-10-13,2019-11-10,arx,sintomas_de_dengue,raw,3,250,4,4,-0.23014613592964595,4.750435407010375
BR,2019-10-20,2019-11-17,ar,NA,processed,3,251,4,4,-8.146257020359684,16.00009201544868
BR,2019-10-20,2019-11-17,ar,NA,raw,3,251,4,4,-8.146257020359684,16.00009201544868
BR,2019-10-20,2019-11-17,arx,dengue,processed,3,251,4,4,-16.731462612020803,22.198921367089135
BR,2019-10-20,2019-11-17,arx,dengue,raw,3,251,4,4,-7.459183082668972,16.049971460120922
BR,2019-10-20,2019-11-17,arx,mosquito,processed,3,251,4,4,-12.415311539728858,18.62119482550305
BR,2019-10-20,2019-11-17,arx,mosquito,raw,3,251,4,4,-1.7229181551044461,8.925201639011588
BR,2019-10-20,2019-11-17,arx,sintomas_de_dengue,processed,3,251,4,4,-30.79065604317981,29.51800496507635
BR,2019-10-20,2019-11-17,arx,sintomas_de_dengue,raw,3,251,4,4,0.8317295319493233,1.972866763249409
BR,2019-10-27,2019-11-24,ar,NA,processed,3,252,4,4,-8.053763258035909,14.558531257562787
BR,2019-10-27,2019-11-24,ar,NA,raw,3,252,4,4,-8.053763258035909,14.558531257562787
BR,2019-10-27,2019-11-24,arx,dengue,processed,3,252,4,4,-26.745904098315417,25.04220686181923
BR,2019-10-27,2019-11-24,arx,dengue,raw,3,252,4,4,-9.450464158886536,16.274912918475152
BR,2019-10-27,2019-11-24,arx,mosquito,processed,3,252,4,4,-23.962525943900058,22.884206472713483
BR,2019-10-27,2019-11-24,arx,mosquito,raw,3,252,4,4,-0.9905244260548705,6.951805570593724
BR,2019-10-27,2019-11-24,arx,sintomas_de_dengue,processed,3,252,4,4,-48.92474574956807,33.712963833680654
BR,2019-10-27,2019-11-24,arx,sintomas_de_dengue,raw,3,252,4,4,0.5410052547157449,3.1871492977091984
BR,2019-11-03,2019-12-01,ar,NA,processed,3,253,4,4,-2.6236202084067735,12.708634182243406
BR,2019-11-03,2019-12-01,ar,NA,raw,3,253,4,4,-2.6236202084067735,12.708634182243406
BR,2019-11-03,2019-12-01,arx,dengue,processed,3,253,4,4,-9.820706673960224,26.144817382185266
BR,2019-11-03,2019-12-01,arx,dengue,raw,3,253,4,4,-4.7853877457688885,16.914391002719956
BR,2019-11-03,2019-12-01,arx,mosquito,processed,3,253,4,4,-10.267534332381343,26.14947555940021
BR,2019-11-03,2019-12-01,arx,mosquito,raw,3,253,4,4,-0.3203041369018129,6.982489535692969
BR,2019-11-03,2019-12-01,arx,sintomas_de_dengue,processed,3,253,4,4,-19.091873206138274,35.19084271971483
BR,2019-11-03,2019-12-01,arx,sintomas_de_dengue,raw,3,253,4,4,0.4212237190160375,4.8626568932748535
BR,2019-11-10,2019-12-08,ar,NA,processed,3,254,4,4,-4.861123029496386,19.05592912070326
BR,2019-11-10,2019-12-08,ar,NA,raw,3,254,4,4,-4.861123029496386,19.05592912070326
BR,2019-11-10,2019-12-08,arx,dengue,processed,3,254,4,4,-5.248219228111301,20.290065032279358
BR,2019-11-10,2019-12-08,arx,dengue,raw,3,254,4,4,-6.712116070609702,21.773724837016417
BR,2019-11-10,2019-12-08,arx,mosquito,processed,3,254,4,4,-5.411337756956288,20.01263354250142
BR,2019-11-10,2019-12-08,arx,mosquito,raw,3,254,4,4,-2.2587418032645417,13.334359699569228
BR,2019-11-10,2019-12-08,arx,sintomas_de_dengue,processed,3,254,4,4,-12.080298182978872,29.1668067419688
BR,2019-11-10,2019-12-08,arx,sintomas_de_dengue,raw,3,254,4,4,-0.6864947554671401,9.328099467718618
BR,2019-11-17,2019-12-15,ar,NA,processed,3,255,4,4,-3.070032218115271,12.257781373205136
BR,2019-11-17,2019-12-15,ar,NA,raw,3,255,4,4,-3.070032218115271,12.257781373205136
BR,2019-11-17,2019-12-15,arx,dengue,processed,3,255,4,4,-13.487384692558706,25.41572461550501
BR,2019-11-17,2019-12-15,arx,dengue,raw,3,255,4,4,-9.80492991090985,21.821305256261784
BR,2019-11-17,2019-12-15,arx,mosquito,processed,3,255,4,4,-16.84588649855459,27.434205033409974
BR,2019-11-17,2019-12-15,arx,mosquito,raw,3,255,4,4,-2.405230366531741,10.807364229844259
BR,2019-11-17,2019-12-15,arx,sintomas_de_dengue,processed,3,255,4,4,-27.29185585081053,35.23577866103345
BR,2019-11-17,2019-12-15,arx,sintomas_de_dengue,raw,3,255,4,4,-1.155393985484504,7.971502529419887
BR,2019-11-24,2019-12-22,ar,NA,processed,3,256,4,4,0.14305050494691884,20.799958774524608
BR,2019-11-24,2019-12-22,ar,NA,raw,3,256,4,4,0.14305050494691884,20.799958774524608
BR,2019-11-24,2019-12-22,arx,dengue,processed,3,256,4,4,-3.0289188156986055,41.97196051157871
BR,2019-11-24,2019-12-22,arx,dengue,raw,3,256,4,4,-0.21061585511494396,23.257628936395985
BR,2019-11-24,2019-12-22,arx,mosquito,processed,3,256,4,4,-4.1745204502897675,46.79862527985969
BR,2019-11-24,2019-12-22,arx,mosquito,raw,3,256,4,4,0.07297792662174951,21.842859368242884
BR,2019-11-24,2019-12-22,arx,sintomas_de_dengue,processed,3,256,4,4,-5.927126459569883,56.315227863353456
BR,2019-11-24,2019-12-22,arx,sintomas_de_dengue,raw,3,256,4,4,-1.4606001638790573,30.589226423557587
